<?xml version="1.0" encoding="UTF-8"?>
<!--
26-APR-2011 1.0.1 Conformity element:
                    Restricted allowed citations to "INSPIRE interoperability of spatial data sets and services", according to the MD regulation,
                    requirements for the conformity element (page 17 of the MD regulation).
                  Inspire Themes:
                    Removed leading blank for German, Bulgarian, Czech and Danish translations
17-MAR-2011 Changed alias inspire_common and inspire_vs
18-FEB-2011 Changed encoding for Language Elements in Network Services
17-FEB-2011 Short form of INSPIRE aliases
31-JAN-2011 INSPIRE schema updated to 0.19 (Removed language dependent schema implementations)
25-JAN-2011 Entered dummy values to make file valid
20-DEC-2010 Restored inspire_com alias
16-DEC-2010 Switched to INSPIRE Schema
-->
<Capabilities xmlns="http://www.opengis.net/wmts/1.0" xmlns:ows="http://www.opengis.net/ows/1.1" xmlns:xlink="http://www.w3.org/1999/xlink" xmlns:xsi="http://www.w3.org/2001/XMLSchema-instance" xmlns:inspire_common="http://inspire.ec.europa.eu/schemas/common/1.0" xmlns:inspire_vs="http://inspire.ec.europa.eu/schemas/inspire_vs_ows11/1.0" version="1.0.0" xsi:schemaLocation="http://www.opengis.net/wmts/1.0 http://schemas.opengis.net/wmts/1.0/wmtsGetCapabilities_response.xsd http://inspire.ec.europa.eu/schemas/inspire_vs_ows11/1.0 ../inspire_vs_ows_11.xsd">
	<ows:ServiceIdentification>
		<ows:Title>World example Web Map Tile Service</ows:Title>
		<ows:Abstract> 
      Example service that constrains some world layers in the  
      GlobalCRS84Pixel Well-known scale set 
    </ows:Abstract>
		<ows:Keywords>
			<ows:Keyword>World</ows:Keyword>
			<ows:Keyword>Global</ows:Keyword>
			<ows:Keyword>Digital Elevation Model</ows:Keyword>
			<ows:Keyword>Administrative Boundaries</ows:Keyword>
		</ows:Keywords>
		<ows:ServiceType>OGC WMTS</ows:ServiceType>
		<ows:ServiceTypeVersion>1.0.0</ows:ServiceTypeVersion>
		<ows:Fees>none</ows:Fees>
		<ows:AccessConstraints>none</ows:AccessConstraints>
	</ows:ServiceIdentification>
	<ows:ServiceProvider>
		<ows:ProviderName>UAB-CREAF-MiraMon</ows:ProviderName>
		<ows:ProviderSite xlink:href="http://www.creaf.uab.cat/miramon"/>
		<ows:ServiceContact>
			<ows:IndividualName>Joan Maso Pau</ows:IndividualName>
			<ows:PositionName>Senior Software Engineer</ows:PositionName>
			<ows:ContactInfo>
				<ows:Phone>
					<ows:Voice>+34 93 581 1312</ows:Voice>
					<ows:Facsimile>+34 93 581 4151</ows:Facsimile>
				</ows:Phone>
				<ows:Address>
					<ows:DeliveryPoint>Fac Ciencies UAB</ows:DeliveryPoint>
					<ows:City>Bellaterra</ows:City>
					<ows:AdministrativeArea>Barcelona</ows:AdministrativeArea>
					<ows:PostalCode>08193</ows:PostalCode>
					<ows:Country>Spain</ows:Country>
					<ows:ElectronicMailAddress>joan.maso@uab.cat</ows:ElectronicMailAddress>
				</ows:Address>
			</ows:ContactInfo>
		</ows:ServiceContact>
	</ows:ServiceProvider>
	<ows:OperationsMetadata>
		<ows:Operation name="GetCapabilities">
			<ows:DCP>
				<ows:HTTP>
					<ows:Get xlink:href="http://www.maps.bob/maps.cgi?">
						<ows:Constraint name="GetEncoding">
							<ows:AllowedValues>
								<ows:Value>KVP</ows:Value>
							</ows:AllowedValues>
						</ows:Constraint>
					</ows:Get>
					<ows:Post xlink:href="http://www.maps.bob/maps.cgi?">
						<ows:Constraint name="PostEncoding">
							<ows:AllowedValues>
								<ows:Value>SOAP</ows:Value>
							</ows:AllowedValues>
						</ows:Constraint>
					</ows:Post>
				</ows:HTTP>
			</ows:DCP>
		</ows:Operation>
		<ows:Operation name="GetTile">
			<ows:DCP>
				<ows:HTTP>
					<ows:Get xlink:href="http://www.maps.bob/maps.cgi?">
						<ows:Constraint name="GetEncoding">
							<ows:AllowedValues>
								<ows:Value>KVP</ows:Value>
							</ows:AllowedValues>
						</ows:Constraint>
					</ows:Get>
				</ows:HTTP>
			</ows:DCP>
		</ows:Operation>
		<ows:Operation name="GetFeatureInfo">
			<ows:DCP>
				<ows:HTTP>
					<ows:Get xlink:href="http://www.maps.bob/maps.cgi?">
						<ows:Constraint name="GetEncoding">
							<ows:AllowedValues>
								<ows:Value>KVP</ows:Value>
							</ows:AllowedValues>
						</ows:Constraint>
					</ows:Get>
				</ows:HTTP>
			</ows:DCP>
		</ows:Operation>
		<!-- ==============================================================-->
		<!-- == The INSPIRE Extended Capabilities.                  ==-->
		<!-- ==============================================================-->
		<inspire_vs:ExtendedCapabilities>
			<inspire_common:ResourceLocator>
				<inspire_common:URL/>
			</inspire_common:ResourceLocator>
			<inspire_common:ResourceType>service</inspire_common:ResourceType>
			<inspire_common:TemporalReference/>
			<inspire_common:Conformity>
				<inspire_common:Specification>
					<inspire_common:Title>Please enter a title</inspire_common:Title>
					<inspire_common:DateOfPublication>0000-01-01</inspire_common:DateOfPublication>
				</inspire_common:Specification>
				<inspire_common:Degree>notEvaluated</inspire_common:Degree>
			</inspire_common:Conformity>
			<inspire_common:MetadataPointOfContact>
				<inspire_common:OrganisationName/>
				<inspire_common:EmailAddress>someone@somewhere.org</inspire_common:EmailAddress>
			</inspire_common:MetadataPointOfContact>
			<inspire_common:MetadataDate>0000-01-01</inspire_common:MetadataDate>
			<inspire_common:SpatialDataServiceType>view</inspire_common:SpatialDataServiceType>
			<inspire_common:MandatoryKeyword>
				<inspire_common:KeywordValue>chainDefinitionService</inspire_common:KeywordValue>
				<!--Arbitrary value to make file valid-->
			</inspire_common:MandatoryKeyword>
			<inspire_common:SupportedLanguages>
				<inspire_common:DefaultLanguage>
					<inspire_common:Language>pol</inspire_common:Language>
				</inspire_common:DefaultLanguage>
				<inspire_common:SupportedLanguage>
					<inspire_common:Language>eng</inspire_common:Language>
				</inspire_common:SupportedLanguage>
			</inspire_common:SupportedLanguages>
			<inspire_common:ResponseLanguage>
				<inspire_common:Language>eng</inspire_common:Language>
			</inspire_common:ResponseLanguage>
		</inspire_vs:ExtendedCapabilities>
	</ows:OperationsMetadata>
	<Contents>
		<Layer>
			<ows:Title>etopo2</ows:Title>
			<ows:Abstract> 
        ETOPO2 - 2 minute Worldwide Bathymetry/Topography 
        Data taken from National Geophysical Data Center(NGDC), 
        ETOPO2 Global 2' Elevations, September 2001... 
      </ows:Abstract>
			<ows:WGS84BoundingBox>
				<ows:LowerCorner>-180 -90</ows:LowerCorner>
				<ows:UpperCorner>180 90</ows:UpperCorner>
			</ows:WGS84BoundingBox>
			<ows:Identifier>etopo2</ows:Identifier>
			<ows:Metadata xlink:href="http://www.maps.bob/etopo2/ metadata.htm"/>
			<Style isDefault="true">
				<ows:Title>default</ows:Title>
				<ows:Identifier>default</ows:Identifier>
				<LegendURL format="image/png" xlink:href="http://www.maps.bob/etopo2/legend.png"/>
			</Style>
			<Format>image/png</Format>
			<InfoFormat>application/gml+xml; version=3.1</InfoFormat>
			<TileMatrixSetLink>
				<TileMatrixSet>WholeWorld_CRS_84</TileMatrixSet>
			</TileMatrixSetLink>
		</Layer>
		<Layer>
			<ows:Title>Administrative Boundaries</ows:Title>
			<ows:Abstract>The sub Country Administrative Units 1998 
          GeoDataset represents a small-scale political map of  
          the world...</ows:Abstract>
			<ows:WGS84BoundingBox>
				<ows:LowerCorner>-180 -90</ows:LowerCorner>
				<ows:UpperCorner>180 84</ows:UpperCorner>
			</ows:WGS84BoundingBox>
			<ows:Identifier>AdminBoundaries</ows:Identifier>
			<ows:Metadata xlink:href="http://www.maps.bob/AdminBoundaries/metadata.htm"/>
			<Style isDefault="true">
				<ows:Title>default</ows:Title>
				<ows:Identifier>default</ows:Identifier>
			</Style>
			<Format>image/png</Format>
			<TileMatrixSetLink>
				<TileMatrixSet>WholeWorld_CRS_84</TileMatrixSet>
			</TileMatrixSetLink>
		</Layer>
		<TileMatrixSet>
			<ows:Identifier>WholeWorld_CRS_84</ows:Identifier>
			<ows:SupportedCRS>urn:ogc:def:crs:OGC:1.3:CRS84 
        </ows:SupportedCRS>
			<WellKnownScaleSet>urn:ogc:def:wkss:OGC:1.0:GlobalCRS84Pixel 
        </WellKnownScaleSet>
			<TileMatrix>
				<ows:Identifier>2g</ows:Identifier>
				<ScaleDenominator>795139219.9519541</ScaleDenominator>
				<!-- top left point of tile matrix bounding box -->
				<TopLeftCorner>-180 90</TopLeftCorner>
				<!-- width and height of each tile in pixel units -->
				<TileWidth>320</TileWidth>
				<TileHeight>200</TileHeight>
				<!-- width and height of matrix in tile units -->
				<MatrixWidth>1</MatrixWidth>
				<MatrixHeight>1</MatrixHeight>
			</TileMatrix>
			<TileMatrix>
				<ows:Identifier>1g</ows:Identifier>
				<ScaleDenominator>397569609.9759771</ScaleDenominator>
				<TopLeftCorner>-180 90</TopLeftCorner>
				<TileWidth>320</TileWidth>
				<TileHeight>200</TileHeight>
				<MatrixWidth>2</MatrixWidth>
				<MatrixHeight>1</MatrixHeight>
			</TileMatrix>
			<TileMatrix>
				<ows:Identifier>30m</ows:Identifier>
				<ScaleDenominator>198784804.9879885</ScaleDenominator>
				<TopLeftCorner>-180 90</TopLeftCorner>
				<TileWidth>320</TileWidth>
				<TileHeight>200</TileHeight>
				<MatrixWidth>3</MatrixWidth>
				<MatrixHeight>2</MatrixHeight>
			</TileMatrix>
			<TileMatrix>
				<ows:Identifier>20m</ows:Identifier>
				<ScaleDenominator>132523203.3253257</ScaleDenominator>
				<TopLeftCorner>-180 90</TopLeftCorner>
				<TileWidth>320</TileWidth>
				<TileHeight>200</TileHeight>
				<MatrixWidth>4</MatrixWidth>
				<MatrixHeight>3</MatrixHeight>
			</TileMatrix>
			<TileMatrix>
				<ows:Identifier>10m</ows:Identifier>
				<ScaleDenominator>66261601.66266284</ScaleDenominator>
				<TopLeftCorner>-180 90</TopLeftCorner>
				<TileWidth>320</TileWidth>
				<TileHeight>200</TileHeight>
				<MatrixWidth>7</MatrixWidth>
				<MatrixHeight>6</MatrixHeight>
			</TileMatrix>
			<TileMatrix>
				<ows:Identifier>5m</ows:Identifier>
				<ScaleDenominator>33130800.83133142</ScaleDenominator>
				<TopLeftCorner>-180 90</TopLeftCorner>
				<TileWidth>320</TileWidth>
				<TileHeight>200</TileHeight>
				<MatrixWidth>14</MatrixWidth>
				<MatrixHeight>11</MatrixHeight>
			</TileMatrix>
			<TileMatrix>
				<ows:Identifier>2m</ows:Identifier>
				<ScaleDenominator>13252320.33253257</ScaleDenominator>
				<TopLeftCorner>-180 84</TopLeftCorner>
				<TileWidth>320</TileWidth>
				<TileHeight>200</TileHeight>
				<MatrixWidth>34</MatrixWidth>
				<MatrixHeight>28</MatrixHeight>
			</TileMatrix>
		</TileMatrixSet>
	</Contents>
	<Themes>
		<Theme>
			<ows:Title>Foundation</ows:Title>
			<ows:Abstract>World reference data</ows:Abstract>
			<ows:Identifier>Foundation</ows:Identifier>
			<Theme>
				<ows:Title>Digital Elevation Model</ows:Title>
				<ows:Identifier>DEM</ows:Identifier>
				<LayerRef>etopo2</LayerRef>
			</Theme>
			<Theme>
				<ows:Title>Administrative Boundaries</ows:Title>
				<ows:Identifier>AdmBoundaries</ows:Identifier>
				<LayerRef>AdminBoundaries</LayerRef>
			</Theme>
		</Theme>
	</Themes>
</Capabilities>
