<?xml version="1.0" encoding="UTF-8"?>
<!--
26-APR-2011 1.0.1 Conformity element:
                    Restricted allowed citations to "INSPIRE interoperability of spatial data sets and services", according to the MD regulation,
                    requirements for the conformity element (page 17 of the MD regulation).
                  Inspire Themes:
                    Removed leading blank for German, Bulgarian, Czech and Danish translations
17-MAR-2011 Changed alias inspire_common and inspire_vs
18-FEB-2011 Changed encoding for Language Elements in Network Services
16-FEB-2011 Introduced namespace "common"
                    Removed unnecessary namespace references
20-DEC-2010 Restored ins_com alias
16-DEC-2010 Switched to INSPIRE Schema
-->
<WMS_Capabilities version="1.3.0" xmlns="http://www.opengis.net/wms" xmlns:inspire_common="http://inspire.ec.europa.eu/schemas/common/1.0" xmlns:inspire_vs="http://inspire.ec.europa.eu/schemas/inspire_vs/1.0" xmlns:xlink="http://www.w3.org/1999/xlink" xmlns:xsi="http://www.w3.org/2001/XMLSchema-instance" xsi:schemaLocation="http://inspire.ec.europa.eu/schemas/inspire_vs/1.0 http://inspire.ec.europa.eu/schemas/inspire_vs/1.0/inspire_vs.xsd">
	<Service>
		<Name>WMS</Name>
		<Title>Europe Mapping Service based on the Image2000 European mosaic (panchromatic)</Title>
		<Abstract>Map Service of a European Mosaic. The mosaic is a harmonised dataset and is based on the individual orthorectified scenes from the Image 2000 project. This service is based on the panchromatic sensor of the Landsat 7 satellite.</Abstract>
		<KeywordList>
			<Keyword vocabulary="ISO">humanGeographicViewer</Keyword>
			<Keyword vocabulary="ISO">infoMapAccessService</Keyword>
			<Keyword>satellite imagery</Keyword>
			<Keyword vocabulary="GEMET - INSPIRE themes">orthoimagery</Keyword>
		</KeywordList>
		<OnlineResource xmlns:xlink="http://www.w3.org/1999/xlink" xlink:type="simple" xlink:href="http://ags-sdi-public.jrc.ec.europa.eu/arcgis/services/image2000_pan/Mapserver/WMSServer?request=GetCapabilities&amp;service=wms&amp;version=1.3.0"/>
		<ContactInformation>
			<ContactPersonPrimary>
				<ContactPerson>Hildegard Gerlach</ContactPerson>
				<ContactOrganization>Spatial Data Infrastructure Unit, Institute for Environment &amp; Sustainability, Joint Research Centre, European Commission</ContactOrganization>
			</ContactPersonPrimary>
			<ContactPosition>pointOfContact</ContactPosition>
			<ContactAddress>
				<AddressType>Postal</AddressType>
				<Address>Via Fermi 2749</Address>
				<City>Ispra</City>
				<StateOrProvince>VA</StateOrProvince>
				<PostCode>21027</PostCode>
				<Country>Italy</Country>
			</ContactAddress>
			<ContactVoiceTelephone>+390332785638</ContactVoiceTelephone>
			<ContactFacsimileTelephone>+390332785638</ContactFacsimileTelephone>
			<ContactElectronicMailAddress>hildegard.gerlach@jrc.ec.europa.eu</ContactElectronicMailAddress>
		</ContactInformation>
		<Fees>no conditions apply</Fees>
		<AccessConstraints>no limitations</AccessConstraints>
		<MaxWidth>2048</MaxWidth>
		<MaxHeight>2048</MaxHeight>
	</Service>
	<Capability>
		<Request>
			<GetCapabilities>
				<Format>application/vnd.ogc.wms_xml</Format>
				<Format>text/xml</Format>
				<DCPType>
					<HTTP>
						<Get>
							<OnlineResource xmlns:xlink="http://www.w3.org/1999/xlink" xlink:type="simple" xlink:href="http://ags-sdi-public.jrc.ec.europa.eu/arcgis/services/image2000_pan/MapServer/WMSServer"/>
						</Get>
					</HTTP>
				</DCPType>
			</GetCapabilities>
			<GetMap>
				<Format>image/bmp</Format>
				<Format>image/jpeg</Format>
				<Format>image/tiff</Format>
				<Format>image/png</Format>
				<Format>image/gif</Format>
				<Format>image/svg+xml</Format>
				<DCPType>
					<HTTP>
						<Get>
							<OnlineResource xmlns:xlink="http://www.w3.org/1999/xlink" xlink:type="simple" xlink:href="http://ags-sdi-public.jrc.ec.europa.eu/arcgis/services/image2000_pan/MapServer/WMSServer"/>
						</Get>
					</HTTP>
				</DCPType>
			</GetMap>
			<GetFeatureInfo>
				<Format>application/vnd.ogc.wms_xml</Format>
				<Format>text/xml</Format>
				<Format>text/html</Format>
				<Format>text/plain</Format>
				<DCPType>
					<HTTP>
						<Get>
							<OnlineResource xmlns:xlink="http://www.w3.org/1999/xlink" xlink:type="simple" xlink:href="http://ags-sdi-public.jrc.ec.europa.eu/arcgis/services/image2000_pan/MapServer/WMSServer"/>
						</Get>
					</HTTP>
				</DCPType>
			</GetFeatureInfo>
		</Request>
		<Exception>
			<Format>application/vnd.ogc.se_xml</Format>
			<Format>application/vnd.ogc.se_inimage</Format>
			<Format>application/vnd.ogc.se_blank</Format>
			<Format>text/xml</Format>
			<Format>XML</Format>
		</Exception>
		<inspire_vs:ExtendedCapabilities>
			<inspire_common:ResourceLocator>
				<inspire_common:URL>http://image2000.jrc.ec.europa.eu</inspire_common:URL>
				<inspire_common:MediaType>text/html</inspire_common:MediaType>
			</inspire_common:ResourceLocator>
			<inspire_common:ResourceLocator>
				<inspire_common:URL>http://ags-sdi-public.jrc.ec.europa.eu/arcgis/services/image2000_pan/Mapserver/WMSServer?request=GetCapabilities&amp;service=wms&amp;version=1.3.0</inspire_common:URL>
				<inspire_common:MediaType>application/vnd.ogc.wms_xml</inspire_common:MediaType>
			</inspire_common:ResourceLocator>
			<inspire_common:ResourceType>service</inspire_common:ResourceType>
			<inspire_common:TemporalReference>
				<inspire_common:DateOfCreation>2005-12-12</inspire_common:DateOfCreation>
				<inspire_common:DateOfLastRevision>2005-12-13</inspire_common:DateOfLastRevision>
				<inspire_common:DateOfPublication>2005-12-13</inspire_common:DateOfPublication>
			</inspire_common:TemporalReference>
			<inspire_common:TemporalReference>
				<inspire_common:TemporalExtent>
					<inspire_common:IndividualDate>2005-01-01T00:00:00</inspire_common:IndividualDate>
					<inspire_common:IntervalOfDates>
						<inspire_common:StartingDate>2005-01-01T00:00:00</inspire_common:StartingDate>
						<inspire_common:EndDate>2005-12-31T00:00:00</inspire_common:EndDate>
					</inspire_common:IntervalOfDates>
				</inspire_common:TemporalExtent>
			</inspire_common:TemporalReference>
			<inspire_common:Conformity>
				<inspire_common:Specification xsi:type="inspire_common:citationInspireInteroperabilityRegulation_eng">
					<inspire_common:Title>COMMISSION REGULATION (EU) No 1089/2010 of 23 November 2010 implementing Directive 2007/2/EC of the European Parliament and of the Council as regards interoperability of spatial data sets and services</inspire_common:Title>
					<inspire_common:DateOfPublication>2010-12-08</inspire_common:DateOfPublication>
					<inspire_common:URI>OJ:L:2010:323:0011:0102:EN:PDF</inspire_common:URI>
					<inspire_common:ResourceLocator>
						<inspire_common:URL>http://eur-lex.europa.eu/LexUriServ/LexUriServ.do?uri=OJ:L:2010:323:0011:0102:EN:PDF</inspire_common:URL>
						<inspire_common:MediaType>application/pdf</inspire_common:MediaType>
					</inspire_common:ResourceLocator>
				</inspire_common:Specification>
				<inspire_common:Degree>conformant</inspire_common:Degree>
			</inspire_common:Conformity>
			<inspire_common:MetadataPointOfContact>
				<inspire_common:OrganisationName>Spatial Data Infrastructure Unit, Institute for Environment &amp; Sustainability, Joint Research Centre, European Commission</inspire_common:OrganisationName>
				<inspire_common:EmailAddress>image2000@jrc.ec.europa.eu</inspire_common:EmailAddress>
			</inspire_common:MetadataPointOfContact>
			<inspire_common:MetadataDate>2010-06-15</inspire_common:MetadataDate>
			<inspire_common:SpatialDataServiceType>view</inspire_common:SpatialDataServiceType>
			<inspire_common:MandatoryKeyword>
				<inspire_common:KeywordValue>humanGeographicViewer</inspire_common:KeywordValue>
			</inspire_common:MandatoryKeyword>
			<inspire_common:MandatoryKeyword>
				<inspire_common:KeywordValue>infoMapAccessService</inspire_common:KeywordValue>
			</inspire_common:MandatoryKeyword>
			<inspire_common:Keyword xsi:type="inspire_common:inspireTheme_eng">
				<inspire_common:OriginatingControlledVocabulary>
					<inspire_common:Title>GEMET - INSPIRE themes</inspire_common:Title>
					<inspire_common:DateOfPublication>2008-06-01</inspire_common:DateOfPublication>
				</inspire_common:OriginatingControlledVocabulary>
				<inspire_common:KeywordValue>Orthoimagery</inspire_common:KeywordValue>
			</inspire_common:Keyword>
			<inspire_common:Keyword>
				<inspire_common:KeywordValue>satellite imagery</inspire_common:KeywordValue>
			</inspire_common:Keyword>
			<inspire_common:SupportedLanguages>
				<inspire_common:DefaultLanguage>
					<inspire_common:Language>eng</inspire_common:Language>
				</inspire_common:DefaultLanguage>
				<inspire_common:SupportedLanguage>
					<inspire_common:Language>cze</inspire_common:Language>
				</inspire_common:SupportedLanguage>
			</inspire_common:SupportedLanguages>
			<inspire_common:ResponseLanguage>
				<inspire_common:Language>eng</inspire_common:Language>
			</inspire_common:ResponseLanguage>
			<inspire_common:MetadataUrl>
				<inspire_common:URL>	http://www.inspire-geoportal.eu/discovery/csw?Service=CSW&amp;Request=GetRecordById&amp;Version=2.0.2&amp;id=jrc_img2k_service_pan&amp;outputSchema=http://www.isotc211.org/2005/gmd&amp;elementSetName=full</inspire_common:URL>
				<inspire_common:MediaType>application/vnd.iso.19139+xml</inspire_common:MediaType>
			</inspire_common:MetadataUrl>
		</inspire_vs:ExtendedCapabilities>
		<Layer>
			<!-- Each layer in the capabilities that has a <Name> element can be requested to the service, therefore we have put it out (it is not physical layer of WMS, but logical. 
			<Name>OI.IM2K_PAN.Layers</Name>-->
			<Title>Image 2000 Panchromatic Mosaic Layers</Title>
			<CRS>CRS:84</CRS>
			<CRS>EPSG:4326</CRS>
			<CRS>EPSG:4258</CRS>
			<CRS>EPSG:3035</CRS>
			<CRS>EPSG:3034</CRS>
			<EX_GeographicBoundingBox>
				<westBoundLongitude>-14.317500</westBoundLongitude>
				<eastBoundLongitude>35.017500</eastBoundLongitude>
				<southBoundLatitude>32.688750</southBoundLatitude>
				<northBoundLatitude>72.536250</northBoundLatitude>
			</EX_GeographicBoundingBox>
			<BoundingBox CRS="CRS:84" minx="-14.317500" miny="32.688750" maxx="35.017500" maxy="72.536250"/>
			<BoundingBox CRS="EPSG:4326" minx="32.688750" miny="-14.317500" maxx="72.536250" maxy="35.017500"/>
			<BoundingBox CRS="EPSG:4258" minx="32.688750" miny="-14.317500" maxx="72.536250" maxy="35.017500"/>
			<BoundingBox CRS="EPSG:3035" minx="1065289.448885" miny="2096360.959822" maxx="5634890.300005" maxy="6607617.368400"/>
			<BoundingBox CRS="EPSG:3034" minx="695310.772226" miny="1795068.846538" maxx="5204512.451326" maxy="6266414.527296"/>
			<Layer>
				<Name>0</Name>
				<Title>Mosaic</Title>
				<Abstract>Image 2000 Panchromatic Mosaic</Abstract>
				<KeywordList>
					<Keyword>Orthoimagery</Keyword>
				</KeywordList>
				<CRS>CRS:84</CRS>
				<CRS>EPSG:4326</CRS>
				<CRS>EPSG:4258</CRS>
				<CRS>EPSG:3035</CRS>
				<CRS>EPSG:3034</CRS>
				<EX_GeographicBoundingBox>
					<westBoundLongitude>-12.075000</westBoundLongitude>
					<eastBoundLongitude>32.775000</eastBoundLongitude>
					<southBoundLatitude>34.500000</southBoundLatitude>
					<northBoundLatitude>70.725000</northBoundLatitude>
				</EX_GeographicBoundingBox>
				<BoundingBox CRS="CRS:84" minx="-12.075000" miny="34.500000" maxx="32.775000" maxy="70.725000"/>
				<BoundingBox CRS="EPSG:4326" minx="34.500000" miny="-12.075000" maxx="70.725000" maxy="32.775000"/>
				<BoundingBox CRS="EPSG:4258" minx="34.500000" miny="-12.075000" maxx="70.725000" maxy="32.775000"/>
				<BoundingBox CRS="EPSG:3035" minx="1272998.578481" miny="2301418.069303" maxx="5427181.170408" maxy="6402560.258919"/>
				<BoundingBox CRS="EPSG:3034" minx="900274.484912" miny="1998311.832027" maxx="4999548.738640" maxy="6063171.541807"/>
				<MetadataURL type="ISO19115:2003 ">
					<Format>text/xml</Format>
					<OnlineResource xmlns:xlink="http://www.w3.org/1999/xlink" xlink:type="simple" xlink:href="http://www.inspire-geoportal.eu/discovery/csw?Service=CSW&amp;Request=GetRecordById&amp;Version=2.0.2&amp;id=jrc_img2k_pr5_mosaic_PAN&amp;outputSchema=http://www.isotc211.org/2005/gmd&amp;elementSetName=full#jrc_img2k_pr5_mosaic_PAN"/>
				</MetadataURL>
				<Style>
					<Name>inspire_common:DEFAULT</Name>
					<Title>Image 2000 Panchromatic Mosaic</Title>
					<LegendURL width="100" height="40">
						<Format>image/png</Format>
						<OnlineResource xlink:href="http://ags-sdi-public.jrc.ec.europa.eu/arcgis/wms/image2000_pan/default0.png" xlink:type="simple" xmlns:xlink="http://www.w3.org/1999/xlink"/>
					</LegendURL>
				</Style>
				<Layer>
					<Name>0.1</Name>
					<Title>RecursionTest</Title>
					<Abstract>Image 2000 Panchromatic Mosaic</Abstract>
					<KeywordList>
						<Keyword>Orthoimagery</Keyword>
					</KeywordList>
					<CRS>CRS:84</CRS>
					<CRS>EPSG:4326</CRS>
					<CRS>EPSG:4258</CRS>
					<CRS>EPSG:3035</CRS>
					<CRS>EPSG:3034</CRS>
					<EX_GeographicBoundingBox>
						<westBoundLongitude>-12.075000</westBoundLongitude>
						<eastBoundLongitude>32.775000</eastBoundLongitude>
						<southBoundLatitude>34.500000</southBoundLatitude>
						<northBoundLatitude>70.725000</northBoundLatitude>
					</EX_GeographicBoundingBox>
					<BoundingBox CRS="CRS:84" minx="-12.075000" miny="34.500000" maxx="32.775000" maxy="70.725000"/>
					<BoundingBox CRS="EPSG:4326" minx="34.500000" miny="-12.075000" maxx="70.725000" maxy="32.775000"/>
					<BoundingBox CRS="EPSG:4258" minx="34.500000" miny="-12.075000" maxx="70.725000" maxy="32.775000"/>
					<BoundingBox CRS="EPSG:3035" minx="1272998.578481" miny="2301418.069303" maxx="5427181.170408" maxy="6402560.258919"/>
					<BoundingBox CRS="EPSG:3034" minx="900274.484912" miny="1998311.832027" maxx="4999548.738640" maxy="6063171.541807"/>
					<MetadataURL type="ISO19115:2003 ">
						<Format>text/xml</Format>
						<OnlineResource xmlns:xlink="http://www.w3.org/1999/xlink" xlink:type="simple" xlink:href="http://www.inspire-geoportal.eu/discovery/csw?Service=CSW&amp;Request=GetRecordById&amp;Version=2.0.2&amp;id=jrc_img2k_pr5_mosaic_PAN&amp;outputSchema=http://www.isotc211.org/2005/gmd&amp;elementSetName=full#jrc_img2k_pr5_mosaic_PAN21"/>
					</MetadataURL>
					<MetadataURL type="ISO19115:2003 ">
						<Format>text/xml</Format>
						<OnlineResource xmlns:xlink="http://www.w3.org/1999/xlink" xlink:type="simple" xlink:href="http://www.inspire-geoportal.eu/discovery/csw?Service=CSW&amp;Request=GetRecordById&amp;Version=2.0.2&amp;id=jrc_img2k_pr5_mosaic_PAN&amp;outputSchema=http://www.isotc211.org/2005/gmd&amp;elementSetName=full#jrc_img2k_pr5_mosaic_PAN22"/>
					</MetadataURL>
					<Style>
						<Name>inspire_common:DEFAULT</Name>
						<Title>Image 2000 Panchromatic Mosaic</Title>
						<LegendURL width="100" height="40">
							<Format>image/png</Format>
							<OnlineResource xlink:href="http://ags-sdi-public.jrc.ec.europa.eu/arcgis/wms/image2000_pan/default0.png" xlink:type="simple" xmlns:xlink="http://www.w3.org/1999/xlink"/>
						</LegendURL>
					</Style>
				</Layer>
			</Layer>
		</Layer>
	</Capability>
</WMS_Capabilities>
