<?xml version="1.0" encoding="UTF-8" standalone="yes"?>
<ns9:Resource xmlns:ns2="http://www.opengis.net/ows" xmlns="http://inspire.ec.europa.eu/schemas/common/1.0" xmlns:ns4="http://inspire.ec.europa.eu/schemas/inspire_ds/1.0" xmlns:ns3="http://www.w3.org/1999/xlink" xmlns:ns9="http://inspire.ec.europa.eu/schemas/geoportal/1.0" xmlns:ns5="http://www.opengis.net/ows/1.1" xmlns:ns6="http://inspire.ec.europa.eu/schemas/inspire_vs_ows11/1.0" xmlns:ns7="http://www.opengis.net/wms" xmlns:ns8="http://inspire.ec.europa.eu/schemas/inspire_vs/1.0">
    <ns9:ViewServiceLayerResource>
        <Name>dov-pub:Geologische_Dwarsprofielen</Name>
        <ResourceTitle>Geologische_Dwarsprofielen</ResourceTitle>
        <ResourceAbstract>Geologische dwarsprofielen doorheen de ondergrond van Vlaanderen</ResourceAbstract>
        <GeographicBoundingBox>
            <CoordinateReferenceSystem>
                <Name>EPSG:31370</Name>
            </CoordinateReferenceSystem>
            <East>258705.512</East>
            <West>22951.987</West>
            <North>244017.947</North>
            <South>153202.935</South>
        </GeographicBoundingBox>
        <BoundingBox>
            <East>5.94</East>
            <West>2.50</West>
            <North>52.74</North>
            <South>49.31</South>
        </BoundingBox>
        <UniqueResourceIdentifier>
            <Code>635173be-394f-42d3-9e68-afbf64d468aa</Code>
        </UniqueResourceIdentifier>
        <CoordinateReferenceSystems>
            <CoordinateReferenceSystem>
                <Name>EPSG:25831</Name>
            </CoordinateReferenceSystem>
            <CoordinateReferenceSystem>
                <Name>EPSG:3043</Name>
            </CoordinateReferenceSystem>
            <CoordinateReferenceSystem>
                <Name>EPSG:31370</Name>
            </CoordinateReferenceSystem>
            <CoordinateReferenceSystem>
                <Name>EPSG:32631</Name>
            </CoordinateReferenceSystem>
            <CoordinateReferenceSystem>
                <Name>EPSG:3812</Name>
            </CoordinateReferenceSystem>
            <CoordinateReferenceSystem>
                <Name>EPSG:4258</Name>
            </CoordinateReferenceSystem>
            <CoordinateReferenceSystem>
                <Name>EPSG:4326</Name>
            </CoordinateReferenceSystem>
            <CoordinateReferenceSystem>
                <Name>EPSG:900913</Name>
            </CoordinateReferenceSystem>
            <CoordinateReferenceSystem>
                <Name>CRS:84</Name>
            </CoordinateReferenceSystem>
        </CoordinateReferenceSystems>
        <Styles>
            <Style>
                <StyleTitle>Geologische dwarsprofielen</StyleTitle>
                <StyleUniqueResourceIdentifier>
                    <Code>Geologische_Dwarsprofielen</Code>
                </StyleUniqueResourceIdentifier>
                <StyleName>Geologische_Dwarsprofielen</StyleName>
            </Style>
        </Styles>
        <LegendURL>
            <Legend>
                <StyleName>Geologische_Dwarsprofielen</StyleName>
                <LegendFormat>image/png</LegendFormat>
                <LegendHeight>20</LegendHeight>
                <LegendWidth>20</LegendWidth>
                <LegendURL>http://www.dov.vlaanderen.be:80/geoserver/ows?service=WMS&amp;request=GetLegendGraphic&amp;format=image%2Fpng&amp;width=20&amp;height=20&amp;layer=Geologische_Dwarsprofielen</LegendURL>
            </Legend>
        </LegendURL>
        <ns9:ViewImplementationSpecification>ISO 19128:2005</ns9:ViewImplementationSpecification>
        <ns9:GetMapLocator>
            <URL>http://www.dov.vlaanderen.be:80/geoserver/ows?SERVICE=WMS&amp;</URL>
        </ns9:GetMapLocator>
        <ns9:ServiceResourceTitle>DOV Inspire View Service</ns9:ServiceResourceTitle>
        <ns9:ServiceResourceAbstract>Inspire View Service van DOV.</ns9:ServiceResourceAbstract>
        <ns9:MandatoryImageFormat>image/png</ns9:MandatoryImageFormat>
        <ns9:MandatoryImageFormat>image/gif</ns9:MandatoryImageFormat>
        <ns9:OtherImageFormat>application/atom+xml</ns9:OtherImageFormat>
        <ns9:OtherImageFormat>application/pdf</ns9:OtherImageFormat>
        <ns9:OtherImageFormat>application/vnd.google-earth.kml+xml</ns9:OtherImageFormat>
        <ns9:OtherImageFormat>application/vnd.google-earth.kmz</ns9:OtherImageFormat>
        <ns9:OtherImageFormat>image/jpeg</ns9:OtherImageFormat>
        <ns9:OtherImageFormat>image/svg+xml</ns9:OtherImageFormat>
        <ns9:OtherImageFormat>image/tiff</ns9:OtherImageFormat>
    </ns9:ViewServiceLayerResource>
    <ns9:ExternalMetadataLocator>
        <URL>/INSPIRE-ed687bbf-d7cd-11e0-958c-d8d3855bd8fc/services/1/PullResults/81-100/resources/services/6/resourceLocator1/downloaded.xml</URL>
        <MediaType>application/vnd.ogc.wms.capabilities.response_xml</MediaType>
    </ns9:ExternalMetadataLocator>
    <ns9:SourceMetadataLocator>
        <URL>../../../../downloaded.xml</URL>
        <MediaType>application/vnd.ogc.wms.capabilities.response_xml</MediaType>
    </ns9:SourceMetadataLocator>
    <ns9:GeoportalMetadataLocator>
        <URL>/INSPIRE-ed687bbf-d7cd-11e0-958c-d8d3855bd8fc/services/1/PullResults/81-100/resources/services/6/resourceLocator1/services/1/layers/2</URL>
        <MediaType>application/vnd.eu.europa.ec.inspire.geoportal.resource.service.network.view.layer+xml</MediaType>
    </ns9:GeoportalMetadataLocator>
    <ns9:ParentResourceMetadataLocator>
        <URL>../..</URL>
        <MediaType>application/vnd.eu.europa.ec.inspire.geoportal.resource.service.network.view+xml</MediaType>
    </ns9:ParentResourceMetadataLocator>
    <ns9:ResourceMetadataLanguage>dut</ns9:ResourceMetadataLanguage>
    <ns9:MemberStateCountryCode>BE</ns9:MemberStateCountryCode>
    <ns9:MemberStateDiscoveryServiceResourceLocator>
        <URL>../../../../../../../../../..</URL>
        <MediaType>application/vnd.eu.europa.ec.inspire.geoportal.resource.service.network.discovery+xml</MediaType>
    </ns9:MemberStateDiscoveryServiceResourceLocator>
    <ns9:ResourceReportLocator>
        <URL>resourceReport</URL>
        <MediaType>application/vnd.eu.europa.ec.inspire.resource+xml</MediaType>
    </ns9:ResourceReportLocator>
</ns9:Resource>

