<?xml version="1.0" encoding="UTF-8" standalone="yes"?>
<ns2:Resource xmlns="http://inspire.ec.europa.eu/schemas/common/1.0" xmlns:ns2="http://inspire.ec.europa.eu/schemas/geoportal/1.0" xmlns:ns3="http://www.opengis.net/ows" xmlns:ns4="http://www.w3.org/1999/xlink" xmlns:ns5="http://inspire.ec.europa.eu/schemas/inspire_ds/1.0" xmlns:ns6="http://www.opengis.net/ows/1.1" xmlns:ns7="http://inspire.ec.europa.eu/schemas/inspire_vs_ows11/1.0" xmlns:ns8="http://www.opengis.net/wms" xmlns:ns9="http://inspire.ec.europa.eu/schemas/inspire_vs/1.0">
    <ns2:ViewServiceLayerResource>
        <Name>katselupalvelu:digiroad</Name>
        <ResourceTitle>digiroad</ResourceTitle>
        <ResourceAbstract>Liikenneviraston Digiroad on kansallinen tie- ja katutietoaineisto, joka sisältää teiden ja katujen geometriatiedot sekä liikkumisen suunnittelua palvelevat ominaisuustiedot. Digiroad kattaa kaikki Suomen maantiet, kadut ja yksityistiet n. 430 000 km. Tieverkko muodostuu henkilöautolla ajettavista teistä, lautoista ja losseista sekä kevyenliikenteen väylistä (n. 13 000 km). Digiroadin liikkumisen suunnittelua palvelevia ominaisuustietoja ovat mm. tien toiminnallinen luokka, tieto liikennevirran suunnasta, nimet ja osoitteet, tie- ja katuverkon käyttörajoitukset (suljettu yhteys, kääntymisrajoitukset, paino-, korkeus-, pituus- ja leveysrajoitus), tie- ja katuverkon muut ominaisuustiedot (nopeusrajoitus, leveys, päällystetieto, pysäkit, tieto silta / alikulku / tunneli kohteesta, tasoristeykset) sekä käyttäjiä tukevat palvelukohteet (joukkoliikenne- ja taksiasemat, sairaalat ja ensiapupisteet, ajoneuvon lastaus junaan tai laivaan, pysäköintialueet).</ResourceAbstract>
        <Keyword>
            <KeywordValue>Liikenne</KeywordValue>
        </Keyword>
        <Keyword>
            <KeywordValue>Logistiikka</KeywordValue>
        </Keyword>
        <Keyword>
            <KeywordValue>Navigointi</KeywordValue>
        </Keyword>
        <Keyword>
            <KeywordValue>Tieliikenneverkot</KeywordValue>
        </Keyword>
        <Keyword>
            <KeywordValue>Osoitteet</KeywordValue>
        </Keyword>
        <Keyword>
            <KeywordValue>Liikenneverkot</KeywordValue>
        </Keyword>
        <GeographicBoundingBox>
            <CoordinateReferenceSystem>
                <Name>EPSG:3067</Name>
            </CoordinateReferenceSystem>
            <East>7545944.5</East>
            <West>6639012.5</West>
            <North>728327.0</North>
            <South>182792.109</South>
        </GeographicBoundingBox>
        <BoundingBox>
            <East>33.10</East>
            <West>16.17</West>
            <North>70.09</North>
            <South>59.62</South>
        </BoundingBox>
        <CoordinateReferenceSystems>
            <CoordinateReferenceSystem>
                <Name>EPSG:2391</Name>
            </CoordinateReferenceSystem>
            <CoordinateReferenceSystem>
                <Name>EPSG:2392</Name>
            </CoordinateReferenceSystem>
            <CoordinateReferenceSystem>
                <Name>EPSG:2393</Name>
            </CoordinateReferenceSystem>
            <CoordinateReferenceSystem>
                <Name>EPSG:2394</Name>
            </CoordinateReferenceSystem>
            <CoordinateReferenceSystem>
                <Name>EPSG:3034</Name>
            </CoordinateReferenceSystem>
            <CoordinateReferenceSystem>
                <Name>EPSG:3035</Name>
            </CoordinateReferenceSystem>
            <CoordinateReferenceSystem>
                <Name>EPSG:3046</Name>
            </CoordinateReferenceSystem>
            <CoordinateReferenceSystem>
                <Name>EPSG:3047</Name>
            </CoordinateReferenceSystem>
            <CoordinateReferenceSystem>
                <Name>EPSG:3048</Name>
            </CoordinateReferenceSystem>
            <CoordinateReferenceSystem>
                <Name>EPSG:3067</Name>
            </CoordinateReferenceSystem>
            <CoordinateReferenceSystem>
                <Name>EPSG:3126</Name>
            </CoordinateReferenceSystem>
            <CoordinateReferenceSystem>
                <Name>EPSG:3127</Name>
            </CoordinateReferenceSystem>
            <CoordinateReferenceSystem>
                <Name>EPSG:3128</Name>
            </CoordinateReferenceSystem>
            <CoordinateReferenceSystem>
                <Name>EPSG:3129</Name>
            </CoordinateReferenceSystem>
            <CoordinateReferenceSystem>
                <Name>EPSG:3130</Name>
            </CoordinateReferenceSystem>
            <CoordinateReferenceSystem>
                <Name>EPSG:3131</Name>
            </CoordinateReferenceSystem>
            <CoordinateReferenceSystem>
                <Name>EPSG:3132</Name>
            </CoordinateReferenceSystem>
            <CoordinateReferenceSystem>
                <Name>EPSG:3133</Name>
            </CoordinateReferenceSystem>
            <CoordinateReferenceSystem>
                <Name>EPSG:3134</Name>
            </CoordinateReferenceSystem>
            <CoordinateReferenceSystem>
                <Name>EPSG:3135</Name>
            </CoordinateReferenceSystem>
            <CoordinateReferenceSystem>
                <Name>EPSG:3136</Name>
            </CoordinateReferenceSystem>
            <CoordinateReferenceSystem>
                <Name>EPSG:3137</Name>
            </CoordinateReferenceSystem>
            <CoordinateReferenceSystem>
                <Name>EPSG:3138</Name>
            </CoordinateReferenceSystem>
            <CoordinateReferenceSystem>
                <Name>EPSG:4258</Name>
            </CoordinateReferenceSystem>
            <CoordinateReferenceSystem>
                <Name>EPSG:4326</Name>
            </CoordinateReferenceSystem>
            <CoordinateReferenceSystem>
                <Name>EPSG:4327</Name>
            </CoordinateReferenceSystem>
            <CoordinateReferenceSystem>
                <Name>EPSG:4936</Name>
            </CoordinateReferenceSystem>
            <CoordinateReferenceSystem>
                <Name>EPSG:4937</Name>
            </CoordinateReferenceSystem>
            <CoordinateReferenceSystem>
                <Name>CRS:84</Name>
            </CoordinateReferenceSystem>
        </CoordinateReferenceSystems>
        <Styles>
            <Style>
                <StyleName>Digiroad</StyleName>
                <StyleTitle>Digiroad</StyleTitle>
            </Style>
        </Styles>
        <DimensionPairs/>
        <LegendURL>
            <Legend>
                <StyleName>Digiroad</StyleName>
                <LegendFormat>image/png</LegendFormat>
                <LegendHeight>20</LegendHeight>
                <LegendWidth>20</LegendWidth>
                <LegendURL>http://kartta.liikennevirasto.fi/maaliikenne/ows?service=WMS&amp;request=GetLegendGraphic&amp;format=image%2Fpng&amp;width=20&amp;height=20&amp;layer=digiroad</LegendURL>
            </Legend>
        </LegendURL>
        <ns2:ViewImplementationSpecification>ISO 19128:2005</ns2:ViewImplementationSpecification>
        <ns2:GetMapLocator>
            <URL>http://kartta.liikennevirasto.fi/maaliikenne/ows?SERVICE=WMS&amp;</URL>
        </ns2:GetMapLocator>
        <ns2:ServiceResourceTitle>Liikenneviraston WMS</ns2:ServiceResourceTitle>
        <ns2:ServiceResourceAbstract>Liikenneviraston WMS-palvelu sisältää tie-, rautatie- ja meriliikenneverkkojen tärkeimmät paikkatietoaineistot. Palvelusta löytyvät liikenneverkkojen geometriatietojen lisäksi tärkeimmät ominaisuustiedot. WMS-palvelu avataan 9.5.2011.</ns2:ServiceResourceAbstract>
    </ns2:ViewServiceLayerResource>
    <ns2:SourceMetadataLocator>
        <URL>http://kartta.liikennevirasto.fi/maaliikenne/wms?request=GetCapabilities&amp;service=WMS&amp;format=text/xml&amp;version=1.3.0</URL>
    </ns2:SourceMetadataLocator>
    <ns2:GeoportalMetadataLocator>
        <URL>E:\quaglan\My Documents\projects\subversion\sdi3\Geoportal\Common\MavenProjects\INSPIREGeoportalLibrary\9c333f0a-8083-11e0-aa69-00e081b628c8\layers\0\0.layer.geoportal.xml</URL>
        <MediaType>application/vnd.eu.europa.ec.inspire.resource+xml</MediaType>
    </ns2:GeoportalMetadataLocator>
</ns2:Resource>
