<?xml version="1.0" encoding="UTF-8" standalone="yes"?>
<ns9:Resource xmlns:ns2="http://www.opengis.net/ows" xmlns="http://inspire.ec.europa.eu/schemas/common/1.0" xmlns:ns4="http://inspire.ec.europa.eu/schemas/inspire_ds/1.0" xmlns:ns3="http://www.w3.org/1999/xlink" xmlns:ns9="http://inspire.ec.europa.eu/schemas/geoportal/1.0" xmlns:ns5="http://www.opengis.net/ows/1.1" xmlns:ns6="http://inspire.ec.europa.eu/schemas/inspire_vs_ows11/1.0" xmlns:ns7="http://www.opengis.net/wms" xmlns:ns8="http://inspire.ec.europa.eu/schemas/inspire_vs/1.0">
    <ns9:ViewServiceLayerResource>
        <Name>GBR.BGS.1:50k.superficial.deposits</Name>
        <ResourceTitle>GBR BGS 1:50k Superficial deposits</ResourceTitle>
        <ResourceAbstract>GBR BGS 1:50000 scale superficial deposits layer</ResourceAbstract>
        <Keyword>
            <KeywordValue>Map</KeywordValue>
        </Keyword>
        <Keyword>
            <KeywordValue>Geology</KeywordValue>
        </Keyword>
        <Keyword>
            <KeywordValue>DiGMapGB</KeywordValue>
        </Keyword>
        <Keyword>
            <KeywordValue>United Kingdom</KeywordValue>
        </Keyword>
        <Keyword>
            <KeywordValue>Superficial</KeywordValue>
        </Keyword>
        <GeographicBoundingBox>
            <CoordinateReferenceSystem>
                <Name>EPSG:4326</Name>
            </CoordinateReferenceSystem>
            <East>60.849945</East>
            <West>49.902759</West>
            <North>2.412245</North>
            <South>-8.300482</South>
        </GeographicBoundingBox>
        <GeographicBoundingBox>
            <CoordinateReferenceSystem>
                <Name>EPSG:4258</Name>
            </CoordinateReferenceSystem>
            <East>60.849945</East>
            <West>49.902759</West>
            <North>2.412245</North>
            <South>-8.300482</South>
        </GeographicBoundingBox>
        <GeographicBoundingBox>
            <CoordinateReferenceSystem>
                <Name>EPSG:27700</Name>
            </CoordinateReferenceSystem>
            <East>640160.0</East>
            <West>56439.0</West>
            <North>1218501.0</North>
            <South>11342.0</South>
        </GeographicBoundingBox>
        <GeographicBoundingBox>
            <CoordinateReferenceSystem>
                <Name>CRS:84</Name>
            </CoordinateReferenceSystem>
            <East>2.412245</East>
            <West>-8.300482</West>
            <North>60.849945</North>
            <South>49.902759</South>
        </GeographicBoundingBox>
        <GeographicBoundingBox>
            <CoordinateReferenceSystem>
                <Name>EPSG:3857</Name>
            </CoordinateReferenceSystem>
            <East>196764.1816</East>
            <West>-962732.1194</West>
            <North>8593971.9982</North>
            <South>6422724.117</South>
        </GeographicBoundingBox>
        <BoundingBox>
            <East>2.70</East>
            <West>-8.34</West>
            <North>60.85</North>
            <South>49.85</South>
        </BoundingBox>
        <UniqueResourceIdentifier>
            <Code>http://data.bgs.ac.uk/id/dataHolding/13480428</Code>
        </UniqueResourceIdentifier>
        <CoordinateReferenceSystems>
            <CoordinateReferenceSystem>
                <Name>CRS:84</Name>
            </CoordinateReferenceSystem>
            <CoordinateReferenceSystem>
                <Name>EPSG:4326</Name>
            </CoordinateReferenceSystem>
            <CoordinateReferenceSystem>
                <Name>EPSG:4258</Name>
            </CoordinateReferenceSystem>
            <CoordinateReferenceSystem>
                <Name>EPSG:27700</Name>
            </CoordinateReferenceSystem>
            <CoordinateReferenceSystem>
                <Name>EPSG:3857</Name>
            </CoordinateReferenceSystem>
        </CoordinateReferenceSystems>
        <Styles>
            <Style>
                <StyleTitle>GBR BGS 1:50k Superficial deposits</StyleTitle>
                <StyleUniqueResourceIdentifier>
                    <Code>inspire_common:DEFAULT</Code>
                </StyleUniqueResourceIdentifier>
                <StyleName>inspire_common:DEFAULT</StyleName>
            </Style>
        </Styles>
        <LegendURL>
            <Legend>
                <StyleName>inspire_common:DEFAULT</StyleName>
                <LegendFormat>image/png</LegendFormat>
                <LegendHeight>139</LegendHeight>
                <LegendWidth>475</LegendWidth>
                <LegendURL>http://mapapps.bgs.ac.uk/wms/legends/digmapgb50.gif</LegendURL>
            </Legend>
        </LegendURL>
        <ns9:ViewImplementationSpecification>ISO 19128:2005</ns9:ViewImplementationSpecification>
        <ns9:GetMapLocator>
            <URL>http://mapapps.bgs.ac.uk/arcgis/services/INSPIREWMS/Digmap/MapServer/WMSServer</URL>
        </ns9:GetMapLocator>
        <ns9:ServiceResourceTitle>BGS 50000 scale digital geology</ns9:ServiceResourceTitle>
        <ns9:ServiceResourceAbstract>Note: This dataset is designed for the 1:50000 scale but can be viewed in this WMS between 1:100000 and 1:25000 (Only). The 1:50 000 DiGMapGB data covering the whole of the United Kingdom is available in this OGC WMS service for your personal, non-commercial use only. Separate bedrock geology, superficial deposits, artificial ground, mass movement deposits and geological linear features layers are available in this service. For information about more of the British Geological Survey's maps that are available digitally please visit http://www.bgs.ac.uk/products/digitalmaps/digmapgb.html. The data are available for free download on the basis it is only used for your personal, teaching, and research purposes provided all are non-commercial in nature as described on http://www.bgs.ac.uk/about/copyright/non_commercial_use.html. Where commercial use is required, licences are available from the British Geological Survey (BGS). Your use of any information provided by the BGS is at your own risk. BGS gives no warranty, condition or representation as to the quality, accuracy or completeness of the information or its suitability for any use or purpose. All implied conditions relating to the quality or suitability of the information, and all liabilities arising from the supply of the information (including any liability arising in negligence) are excluded to the fullest extent permitted by law.</ns9:ServiceResourceAbstract>
        <ns9:SpatialDataMetadataLocator>
            <URL>/INSPIRE-3151d2c2-d313-11e0-865f-d8d3855bd8fc_20111103-185718/services/1/PullResults/241-260/resources/datasets/16</URL>
            <MediaType>application/vnd.eu.europa.ec.inspire.geoportal.resource.dataset+xml</MediaType>
        </ns9:SpatialDataMetadataLocator>
        <ns9:MandatoryImageFormat>image/png</ns9:MandatoryImageFormat>
        <ns9:MandatoryImageFormat>image/gif</ns9:MandatoryImageFormat>
        <ns9:OtherImageFormat>image/bmp</ns9:OtherImageFormat>
        <ns9:OtherImageFormat>image/jpeg</ns9:OtherImageFormat>
        <ns9:OtherImageFormat>image/tiff</ns9:OtherImageFormat>
        <ns9:OtherImageFormat>image/svg+xml</ns9:OtherImageFormat>
    </ns9:ViewServiceLayerResource>
    <ns9:AuditRecord>
        <ns9:CreationDate>2011-11-03T18:59:15.005</ns9:CreationDate>
        <ns9:LastUpdateDate>2011-11-03T19:02:58.496</ns9:LastUpdateDate>
    </ns9:AuditRecord>
    <ns9:ExternalMetadataLocator>
        <URL>/INSPIRE-3151d2c2-d313-11e0-865f-d8d3855bd8fc_20111103-185718/services/1/PullResults/361-380/resources/services/14/resourceLocator4/downloaded.xml</URL>
        <MediaType>application/vnd.ogc.wms.capabilities.response_xml</MediaType>
    </ns9:ExternalMetadataLocator>
    <ns9:SourceMetadataLocator>
        <URL>../../../../downloaded.xml</URL>
        <MediaType>application/vnd.ogc.wms.capabilities.response_xml</MediaType>
    </ns9:SourceMetadataLocator>
    <ns9:GeoportalMetadataLocator>
        <URL>/INSPIRE-3151d2c2-d313-11e0-865f-d8d3855bd8fc_20111103-185718/services/1/PullResults/361-380/resources/services/14/resourceLocator4/services/1/layers/2</URL>
        <MediaType>application/vnd.eu.europa.ec.inspire.geoportal.resource.service.network.view.layer+xml</MediaType>
    </ns9:GeoportalMetadataLocator>
    <ns9:ParentResourceMetadataLocator>
        <URL>../..</URL>
        <MediaType>application/vnd.eu.europa.ec.inspire.geoportal.resource.service.network.view+xml</MediaType>
    </ns9:ParentResourceMetadataLocator>
    <ns9:RelatedResourceLocator>
        <URL>../../../../../../../../../241-260/resources/datasets/16</URL>
        <MediaType>application/vnd.eu.europa.ec.inspire.geoportal.resource.dataset+xml</MediaType>
        <LinkDescription>Digital Geological Map Data of Great Britain - 50k (DiGMapGB-50)</LinkDescription>
    </ns9:RelatedResourceLocator>
    <ns9:RelatedResourceLocator>
        <URL>../../../../../../../../../../../../../sdklsasd/241-260/resources/datasets/18</URL>
        <MediaType>application/vnd.eu.europa.ec.inspire.geoportal.resource.dataset+xml</MediaType>
        <LinkDescription>Digital Geological Map Data of Great Britain - 50k (DiGMapGB-50)</LinkDescription>
    </ns9:RelatedResourceLocator>
    <ns9:RelatedResourceLocator>
        <URL>../../../../../../../../../../../../../sdklsasd/301-311/resources/series/19</URL>
        <MediaType>application/vnd.eu.europa.ec.inspire.geoportal.resource.dataset+xml</MediaType>
        <LinkDescription>Digital Geological Map Data of Great Britain - 50k (DiGMapGB-50)</LinkDescription>
    </ns9:RelatedResourceLocator>
    <ns9:ResourceMetadataLanguage>eng</ns9:ResourceMetadataLanguage>
    <ns9:MemberStateCountryCode>UK</ns9:MemberStateCountryCode>
    <ns9:MemberStateDiscoveryServiceResourceLocator>
        <URL>../../../../../../../../../..</URL>
        <MediaType>application/vnd.eu.europa.ec.inspire.geoportal.resource.service.network.discovery+xml</MediaType>
    </ns9:MemberStateDiscoveryServiceResourceLocator>
</ns9:Resource>
