<?xml version="1.0" encoding="UTF-8" standalone="yes"?>
<ns9:Resource xmlns:ns2="http://www.opengis.net/ows" xmlns="http://inspire.ec.europa.eu/schemas/common/1.0" xmlns:ns4="http://inspire.ec.europa.eu/schemas/inspire_ds/1.0" xmlns:ns3="http://www.w3.org/1999/xlink" xmlns:ns9="http://inspire.ec.europa.eu/schemas/geoportal/1.0" xmlns:ns5="http://www.opengis.net/ows/1.1" xmlns:ns6="http://inspire.ec.europa.eu/schemas/inspire_vs_ows11/1.0" xmlns:ns7="http://www.opengis.net/wms" xmlns:ns8="http://inspire.ec.europa.eu/schemas/inspire_vs/1.0">
    <ns9:ViewServiceLayerResource>
        <Name>DigiSat2010LPISETSTest</Name>
        <ResourceTitle>Digitale Satellitenbilder 2010 LPIS ETS Test</ResourceTitle>
        <ResourceAbstract>Digitale Satellitenbilder aus 2010, für die Durchführung des LPIS ETS Tests gemäß EU-Verordnung 1122/2009, Art.6.</ResourceAbstract>
        <Keyword>
            <KeywordValue>Orthofotografie</KeywordValue>
        </Keyword>
        <GeographicBoundingBox>
            <CoordinateReferenceSystem>
                <Name>EPSG:4326</Name>
            </CoordinateReferenceSystem>
            <East>49.20847355078462</East>
            <West>46.08674026397286</West>
            <North>17.308483427576768</North>
            <South>9.356501248123656</South>
        </GeographicBoundingBox>
        <GeographicBoundingBox>
            <CoordinateReferenceSystem>
                <Name>EPSG:4258</Name>
            </CoordinateReferenceSystem>
            <East>49.208473551717454</East>
            <West>46.08674026491535</West>
            <North>17.308483427576768</North>
            <South>9.356501248123656</South>
        </GeographicBoundingBox>
        <GeographicBoundingBox>
            <CoordinateReferenceSystem>
                <Name>EPSG:3045</Name>
            </CoordinateReferenceSystem>
            <East>5458551.638285598</East>
            <West>5105821.122309638</West>
            <North>668361.694480537</North>
            <South>81116.71185357828</South>
        </GeographicBoundingBox>
        <GeographicBoundingBox>
            <CoordinateReferenceSystem>
                <Name>EPSG:3416</Name>
            </CoordinateReferenceSystem>
            <East>589950.8766600259</East>
            <West>249933.65124788214</West>
            <North>689947.2048229462</North>
            <South>109940.87967449671</South>
        </GeographicBoundingBox>
        <GeographicBoundingBox>
            <CoordinateReferenceSystem>
                <Name>EPSG:3044</Name>
            </CoordinateReferenceSystem>
            <East>5476549.637113552</East>
            <West>5103849.381180989</West>
            <North>1124886.946637698</North>
            <South>526001.3630618353</South>
        </GeographicBoundingBox>
        <GeographicBoundingBox>
            <CoordinateReferenceSystem>
                <Name>EPSG:3035</Name>
            </CoordinateReferenceSystem>
            <East>2918549.04539905</East>
            <West>2552729.70300831</West>
            <North>4868598.97151412</North>
            <South>4274036.318727296</South>
        </GeographicBoundingBox>
        <GeographicBoundingBox>
            <CoordinateReferenceSystem>
                <Name>CRS:84</Name>
            </CoordinateReferenceSystem>
            <East>17.305737191725477</East>
            <West>9.353641870263186</West>
            <North>49.209183313626</North>
            <South>46.087460052215924</South>
        </GeographicBoundingBox>
        <GeographicBoundingBox>
            <CoordinateReferenceSystem>
                <Name>EPSG:3034</Name>
            </CoordinateReferenceSystem>
            <East>2518411.5175452214</East>
            <West>2164500.81831496</West>
            <North>4529991.797482304</North>
            <South>3954642.7470380445</South>
        </GeographicBoundingBox>
        <GeographicBoundingBox>
            <CoordinateReferenceSystem>
                <Name>EPSG:3857</Name>
            </CoordinateReferenceSystem>
            <East>1926771.5615616604</East>
            <West>1041560.954547754</West>
            <North>6310309.310627799</North>
            <South>5794260.32069159</South>
        </GeographicBoundingBox>
        <GeographicBoundingBox>
            <CoordinateReferenceSystem>
                <Name>EPSG:31258</Name>
            </CoordinateReferenceSystem>
            <East>452533.309602933</East>
            <West>112106.21141410898</West>
            <North>740198.1262296685</North>
            <South>159801.87377033161</South>
        </GeographicBoundingBox>
        <GeographicBoundingBox>
            <CoordinateReferenceSystem>
                <Name>EPSG:31259</Name>
            </CoordinateReferenceSystem>
            <East>468396.56957182474</East>
            <West>105533.58349464368</West>
            <North>821244.202818378</North>
            <South>227926.30671674456</South>
        </GeographicBoundingBox>
        <GeographicBoundingBox>
            <CoordinateReferenceSystem>
                <Name>EPSG:31256</Name>
            </CoordinateReferenceSystem>
            <East>468396.56957182474</East>
            <West>105533.58349464368</West>
            <North>71244.20281837796</North>
            <South>-522073.69328325544</South>
        </GeographicBoundingBox>
        <GeographicBoundingBox>
            <CoordinateReferenceSystem>
                <Name>EPSG:31257</Name>
            </CoordinateReferenceSystem>
            <East>468396.56957182474</East>
            <West>105533.58349464368</West>
            <North>672073.6932832557</North>
            <South>78755.79718162227</South>
        </GeographicBoundingBox>
        <GeographicBoundingBox>
            <CoordinateReferenceSystem>
                <Name>EPSG:31254</Name>
            </CoordinateReferenceSystem>
            <East>468396.56957182474</East>
            <West>105533.58349464368</West>
            <North>522073.69328325574</North>
            <South>-71244.20281837773</South>
        </GeographicBoundingBox>
        <GeographicBoundingBox>
            <CoordinateReferenceSystem>
                <Name>EPSG:31255</Name>
            </CoordinateReferenceSystem>
            <East>452533.309602933</East>
            <West>112106.21141410898</West>
            <North>290198.12622966856</North>
            <South>-290198.1262296684</South>
        </GeographicBoundingBox>
        <GeographicBoundingBox>
            <CoordinateReferenceSystem>
                <Name>EPSG:900913</Name>
            </CoordinateReferenceSystem>
            <East>1926771.5615616604</East>
            <West>1041560.954547754</West>
            <North>6310309.310627799</North>
            <South>5794260.32069159</South>
        </GeographicBoundingBox>
        <GeographicBoundingBox>
            <CoordinateReferenceSystem>
                <Name>EPSG:32633</Name>
            </CoordinateReferenceSystem>
            <East>668361.6944821157</East>
            <West>81116.71185000177</West>
            <North>5458551.638304499</North>
            <South>5105821.122325552</South>
        </GeographicBoundingBox>
        <GeographicBoundingBox>
            <CoordinateReferenceSystem>
                <Name>EPSG:32632</Name>
            </CoordinateReferenceSystem>
            <East>1124886.9466430629</East>
            <West>526001.363062079</West>
            <North>5476549.637132369</North>
            <South>5103849.381196916</South>
        </GeographicBoundingBox>
        <GeographicBoundingBox>
            <CoordinateReferenceSystem>
                <Name>EPSG:31287</Name>
            </CoordinateReferenceSystem>
            <East>690000.0</East>
            <West>110000.0</West>
            <North>590000.0</North>
            <South>250000.0</South>
        </GeographicBoundingBox>
        <BoundingBox>
            <East>17.31</East>
            <West>9.36</West>
            <North>49.21</North>
            <South>46.09</South>
        </BoundingBox>
        <UniqueResourceIdentifier>
            <Code>f2d06b8b-e6b4-4c53-9bd7-7f5e512be8c2</Code>
            <Namespace></Namespace>
        </UniqueResourceIdentifier>
        <CoordinateReferenceSystems>
            <CoordinateReferenceSystem>
                <Name>EPSG:3857</Name>
            </CoordinateReferenceSystem>
            <CoordinateReferenceSystem>
                <Name>EPSG:900913</Name>
            </CoordinateReferenceSystem>
            <CoordinateReferenceSystem>
                <Name>EPSG:3034</Name>
            </CoordinateReferenceSystem>
            <CoordinateReferenceSystem>
                <Name>EPSG:3035</Name>
            </CoordinateReferenceSystem>
            <CoordinateReferenceSystem>
                <Name>EPSG:3044</Name>
            </CoordinateReferenceSystem>
            <CoordinateReferenceSystem>
                <Name>EPSG:3045</Name>
            </CoordinateReferenceSystem>
            <CoordinateReferenceSystem>
                <Name>EPSG:31254</Name>
            </CoordinateReferenceSystem>
            <CoordinateReferenceSystem>
                <Name>EPSG:31255</Name>
            </CoordinateReferenceSystem>
            <CoordinateReferenceSystem>
                <Name>EPSG:31256</Name>
            </CoordinateReferenceSystem>
            <CoordinateReferenceSystem>
                <Name>EPSG:31257</Name>
            </CoordinateReferenceSystem>
            <CoordinateReferenceSystem>
                <Name>EPSG:31258</Name>
            </CoordinateReferenceSystem>
            <CoordinateReferenceSystem>
                <Name>EPSG:31259</Name>
            </CoordinateReferenceSystem>
            <CoordinateReferenceSystem>
                <Name>EPSG:31287</Name>
            </CoordinateReferenceSystem>
            <CoordinateReferenceSystem>
                <Name>EPSG:32632</Name>
            </CoordinateReferenceSystem>
            <CoordinateReferenceSystem>
                <Name>EPSG:32633</Name>
            </CoordinateReferenceSystem>
            <CoordinateReferenceSystem>
                <Name>EPSG:3416</Name>
            </CoordinateReferenceSystem>
            <CoordinateReferenceSystem>
                <Name>EPSG:4258</Name>
            </CoordinateReferenceSystem>
            <CoordinateReferenceSystem>
                <Name>EPSG:4326</Name>
            </CoordinateReferenceSystem>
            <CoordinateReferenceSystem>
                <Name>CRS:84</Name>
            </CoordinateReferenceSystem>
        </CoordinateReferenceSystems>
        <Styles>
            <Style>
                <StyleTitle>default</StyleTitle>
                <StyleUniqueResourceIdentifier>
                    <Code>default</Code>
                </StyleUniqueResourceIdentifier>
                <StyleName>default</StyleName>
            </Style>
            <Style>
                <StyleTitle>inspire_common:DEFAULT</StyleTitle>
                <StyleUniqueResourceIdentifier>
                    <Code>inspire_common:DEFAULT</Code>
                </StyleUniqueResourceIdentifier>
                <StyleName>inspire_common:DEFAULT</StyleName>
            </Style>
        </Styles>
        <LegendURL>
            <Legend>
                <StyleName>default</StyleName>
                <LegendFormat>image/png</LegendFormat>
                <LegendHeight>23</LegendHeight>
                <LegendWidth>189</LegendWidth>
                <LegendURL>http://gis.lebensministerium.at/wmsgw/satph-lpis-2010/?version=1.3.0&amp;service=WMS&amp;request=GetLegendGraphic&amp;sld_version=1.1.0&amp;layer=DigiSat2010LPISETSTest&amp;format=image/png&amp;STYLE=default</LegendURL>
            </Legend>
            <Legend>
                <StyleName>inspire_common:DEFAULT</StyleName>
                <LegendFormat>image/png</LegendFormat>
                <LegendHeight>23</LegendHeight>
                <LegendWidth>189</LegendWidth>
                <LegendURL>http://gis.lebensministerium.at/wmsgw/satph-lpis-2010/?version=1.3.0&amp;service=WMS&amp;request=GetLegendGraphic&amp;sld_version=1.1.0&amp;layer=DigiSat2010LPISETSTest&amp;format=image/png&amp;STYLE=default</LegendURL>
            </Legend>
        </LegendURL>
        <ns9:ViewImplementationSpecification>ISO 19128:2005</ns9:ViewImplementationSpecification>
        <ns9:GetMapLocator>
            <URL>http://gis.lebensministerium.at/wmsgw/satph-lpis-2010/?</URL>
        </ns9:GetMapLocator>
        <ns9:ServiceResourceTitle>Darstellungsdienst Digitale Satellitenbilder 2010 LPIS ETS Test</ns9:ServiceResourceTitle>
        <ns9:ServiceResourceAbstract>Darstellungsdienst Digitale Satellitenbilder aus 2010, für die Durchführung des LPIS ETS Tests gemäß EU-Verordnung 1122/2009, Art. 6</ns9:ServiceResourceAbstract>
        <ns9:SpatialDataMetadataLocator>
            <URL>/INSPIRE-f1286681-106a-11e1-bd02-00e081b628c8_20111116-165209/services/1/PullResults/21-40/resources/datasets/4</URL>
            <MediaType>application/vnd.eu.europa.ec.inspire.geoportal.resource.dataset+xml</MediaType>
        </ns9:SpatialDataMetadataLocator>
        <ns9:MandatoryImageFormat>image/png</ns9:MandatoryImageFormat>
        <ns9:MandatoryImageFormat>image/gif</ns9:MandatoryImageFormat>
        <ns9:OtherImageFormat>image/jpeg</ns9:OtherImageFormat>
    </ns9:ViewServiceLayerResource>
    <ns9:AuditRecord>
        <ns9:CreationDate>2011-11-16T16:53:15.902</ns9:CreationDate>
        <ns9:LastUpdateDate>2011-11-16T16:55:35.905</ns9:LastUpdateDate>
    </ns9:AuditRecord>
    <ns9:ExternalMetadataLocator>
        <URL>/INSPIRE-f1286681-106a-11e1-bd02-00e081b628c8_20111116-165209/services/1/PullResults/21-40/resources/services/5/resourceLocator1/downloaded.xml</URL>
        <MediaType>application/vnd.ogc.wms.capabilities.response_xml</MediaType>
    </ns9:ExternalMetadataLocator>
    <ns9:SourceMetadataLocator>
        <URL>../../../../downloaded.xml</URL>
        <MediaType>application/vnd.ogc.wms.capabilities.response_xml</MediaType>
    </ns9:SourceMetadataLocator>
    <ns9:GeoportalMetadataLocator>
        <URL>/INSPIRE-f1286681-106a-11e1-bd02-00e081b628c8_20111116-165209/services/1/PullResults/21-40/resources/services/5/resourceLocator1/services/1/layers/0</URL>
        <MediaType>application/vnd.eu.europa.ec.inspire.geoportal.resource.service.network.view.layer+xml</MediaType>
    </ns9:GeoportalMetadataLocator>
    <ns9:ParentResourceMetadataLocator>
        <URL>../..</URL>
        <MediaType>application/vnd.eu.europa.ec.inspire.geoportal.resource.service.network.view+xml</MediaType>
    </ns9:ParentResourceMetadataLocator>
    <ns9:RelatedResourceLocator>
        <URL>../../../../../../../datasets/4</URL>
        <MediaType>application/vnd.eu.europa.ec.inspire.geoportal.resource.dataset+xml</MediaType>
        <LinkDescription>Digitale Satellitenbilder 2010 LPIS ETS-Test</LinkDescription>
    </ns9:RelatedResourceLocator>
    <ns9:ResourceMetadataLanguage>ger</ns9:ResourceMetadataLanguage>
    <ns9:MemberStateCountryCode>AT</ns9:MemberStateCountryCode>
    <ns9:MemberStateDiscoveryServiceResourceLocator>
        <URL>../../../../../../../../../..</URL>
        <MediaType>application/vnd.eu.europa.ec.inspire.geoportal.resource.service.network.discovery+xml</MediaType>
    </ns9:MemberStateDiscoveryServiceResourceLocator>
    <ns9:ResourceReportLocator>
        <URL>resourceReport</URL>
        <MediaType>application/vnd.eu.europa.ec.inspire.resource+xml</MediaType>
    </ns9:ResourceReportLocator>
    
</ns9:Resource>
