<?xml version="1.0" encoding="UTF-8"?>
<SpatialDataSetSeries xmlns="http://inspire.ec.europa.eu/schemas/common/1.0" xmlns:xsi="http://www.w3.org/2001/XMLSchema-instance" xsi:schemaLocation="http://inspire.ec.europa.eu/schemas/common/1.0 http://inspire.ec.europa.eu/schemas/common/1.0/common.xsd">
	<ResourceTitle>EDGAR V4.1 Activity Data</ResourceTitle>
	<ResourceAbstract>The Emissions Database for Global Atmospheric Research (EDGAR) provides global past and present day Human Activity Data classified following the EDGAR Source Categories classification</ResourceAbstract>
	<ResourceType>series</ResourceType>
	<ResourceLocator>
		<URL>http://edgar.jrc.ec.europa.eu/index.php</URL>
		<MediaType>text/html</MediaType>
	</ResourceLocator>
	<MandatoryKeyword xsi:type="inspireTheme_eng">
		<OriginatingControlledVocabulary>
			<Title>GEMET - INSPIRE themes</Title>
			<DateOfPublication>2008-06-01</DateOfPublication>
		</OriginatingControlledVocabulary>
		<KeywordValue>Energy resources</KeywordValue>
	</MandatoryKeyword>
	<MandatoryKeyword xsi:type="inspireTheme_eng">
		<OriginatingControlledVocabulary>
			<Title>GEMET - INSPIRE themes</Title>
			<DateOfPublication>2008-06-01</DateOfPublication>
		</OriginatingControlledVocabulary>
		<KeywordValue>Atmospheric conditions</KeywordValue>
	</MandatoryKeyword>
	<MandatoryKeyword xsi:type="inspireTheme_eng">
		<OriginatingControlledVocabulary>
			<Title>GEMET - INSPIRE themes</Title>
			<DateOfPublication>2008-06-01</DateOfPublication>
		</OriginatingControlledVocabulary>
		<KeywordValue>Environmental monitoring facilities</KeywordValue>
	</MandatoryKeyword>
	<MandatoryKeyword xsi:type="inspireTheme_eng">
		<OriginatingControlledVocabulary>
			<Title>GEMET - INSPIRE themes</Title>
			<DateOfPublication>2008-06-01</DateOfPublication>
		</OriginatingControlledVocabulary>
		<KeywordValue>Land cover</KeywordValue>
	</MandatoryKeyword>
	<MandatoryKeyword xsi:type="inspireTheme_eng">
		<OriginatingControlledVocabulary>
			<Title>GEMET - INSPIRE themes</Title>
			<DateOfPublication>2008-06-01</DateOfPublication>
		</OriginatingControlledVocabulary>
		<KeywordValue>Land use</KeywordValue>
	</MandatoryKeyword>
	<Keyword>
		<OriginatingControlledVocabulary>
			<Title>GEMET - Concepts, version 2.3</Title>
			<DateOfPublication>2009-07-13</DateOfPublication>
		</OriginatingControlledVocabulary>
		<KeywordValue>emission factor</KeywordValue>
	</Keyword>
	<Keyword>
		<OriginatingControlledVocabulary>
			<Title>GEMET - Concepts, version 2.3</Title>
			<DateOfPublication>2009-07-13</DateOfPublication>
		</OriginatingControlledVocabulary>
		<KeywordValue>emission forecast</KeywordValue>
	</Keyword>
	<Keyword>
		<OriginatingControlledVocabulary>
			<Title>GEMET - Concepts, version 2.3</Title>
			<DateOfPublication>2009-07-13</DateOfPublication>
		</OriginatingControlledVocabulary>
		<KeywordValue>emission source</KeywordValue>
	</Keyword>
	<Keyword>
		<KeywordValue>human activity data</KeywordValue>
	</Keyword>
	<GeographicBoundingBox>
		<East>180.00</East>
		<West>-180.00</West>
		<North>80.00</North>
		<South>-80.00</South>
	</GeographicBoundingBox>
	<TemporalReference>
		<TemporalExtent>
			<IntervalOfDates>
				<StartingDate>1970-01-01T00:00:00</StartingDate>
				<EndDate>2005-12-31T00:00:00</EndDate>
			</IntervalOfDates>
		</TemporalExtent>
	</TemporalReference>
	<TemporalReference>
		<DateOfCreation>2010-05-01</DateOfCreation>
	</TemporalReference>
	<TemporalReference>
		<DateOfPublication>2010-05-01</DateOfPublication>
	</TemporalReference>
	<TemporalReference>
		<DateOfLastRevision>2010-05-01</DateOfLastRevision>
	</TemporalReference>
	<SpatialResolution>
		<EquivalentScale>1</EquivalentScale>
	</SpatialResolution>
	<SpatialResolution>
		<ResolutionDistance>222</ResolutionDistance>
		<UnitOfMeasure>myuom</UnitOfMeasure>
	</SpatialResolution>
	<Conformity>
		<Specification>
			<Title>Specification1</Title>
			<DateOfCreation>2010-11-11</DateOfCreation>
		</Specification>
		<Degree>notEvaluated</Degree>
	</Conformity>
	<Conformity>
		<Specification>
			<Title>spec2</Title>
			<DateOfCreation>2010-11-09</DateOfCreation>
		</Specification>
		<Degree>notConformant</Degree>
	</Conformity>
	<Conformity>
		<Specification>
			<Title>spec2</Title>
			<DateOfCreation>2010-11-09</DateOfCreation>
		</Specification>
		<Degree>conformant</Degree>
	</Conformity>
	<ConditionsForAccessAndUse>no conditions apply</ConditionsForAccessAndUse>
	<LimitationsOnPublicAccess>free access provided a credentials required</LimitationsOnPublicAccess>
	<ResponsibleOrganisation>
		<ResponsibleParty>
			<OrganisationName>EC/JRC/IES</OrganisationName>
			<EmailAddress>greet.maenhout@jrc.ec.europa.eu</EmailAddress>
		</ResponsibleParty>
		<ResponsiblePartyRole>principalInvestigator</ResponsiblePartyRole>
	</ResponsibleOrganisation>
	<MetadataPointOfContact>
		<OrganisationName>EC/JRC/IES</OrganisationName>
		<EmailAddress>valerio.pagliari@jrc.it</EmailAddress>
	</MetadataPointOfContact>
	<MetadataDate>2010-10-11</MetadataDate>
	<MetadataLanguage>eng</MetadataLanguage>
	<UniqueResourceIdentifier>
		<Code>edgar.jrc.ec.europa.eu</Code>
		<Namespace>http://edgar.jrc.ec.europa.eu</Namespace>
	</UniqueResourceIdentifier>
	<ResourceLanguage>eng</ResourceLanguage>
	<TopicCategory>environment</TopicCategory>
	<TopicCategory>climatologyMeteorologyAtmosphere</TopicCategory>
	<TopicCategory>transportation</TopicCategory>
	<Lineage>IEA for Energy statistics
FAO for agricoltural data
</Lineage>
</SpatialDataSetSeries>
