<?xml version="1.0" encoding="UTF-8"?>
<SpatialDataService xmlns="http://inspire.ec.europa.eu/schemas/common/1.0" xmlns:xsi="http://www.w3.org/2001/XMLSchema-instance" xsi:schemaLocation="http://inspire.ec.europa.eu/schemas/common/1.0 http://inspire.ec.europa.eu/schemas/common/1.0/common.xsd">
<!--31-JAN-2011 INSPIRE schema updated to 0.19 (Removed language dependent schema implementations)-->
	<ResourceTitle>Europe Mapping Service based on the Image2000 European mosaic (multispectral)</ResourceTitle>
	<ResourceAbstract>Map Service of a European Mosaic. The mosaic is a harmonised dataset and is based on the individual orthorectified scenes from the Image 2000 project. This service covers the Landsat 7 multispectral bands 3, 2 and 1.</ResourceAbstract>
	<ResourceType>service</ResourceType>
	<ResourceLocator>
		<URL>http://ags-sdi-public.jrc.ec.europa.eu/arcgis/services/img2k_321_mos/Mapserver/WMSServer?request=GetCapabilities&amp;service=wms&amp;version=1.3.0</URL>
		<MediaType>application/vnd.ogc.wms_xml</MediaType>
	</ResourceLocator>
	<MandatoryKeyword>
		<KeywordValue>humanGeographicViewer</KeywordValue>
	</MandatoryKeyword>
	<MandatoryKeyword>
		<KeywordValue>infoMapAccessService</KeywordValue>
	</MandatoryKeyword>
	<Keyword>
		<KeywordValue>satellite imagery</KeywordValue>
	</Keyword>
	<Keyword>
		<KeywordValue>orthoimagery</KeywordValue>
	</Keyword>
	<Keyword>
		<OriginatingControlledVocabulary>
			<Title>title</Title>
			<DateOfPublication>2010-10-30</DateOfPublication>
		</OriginatingControlledVocabulary>
		<KeywordValue>test</KeywordValue>
	</Keyword>
	<GeographicBoundingBox>
		<East>36.052500000000002</East>
		<West>-36.052500000000002</West>
		<North>72.881249999999994</North>
		<South>25.443750000000001</South>
	</GeographicBoundingBox>
	<TemporalReference>
		<TemporalExtent>
			<IntervalOfDates>
				<StartingDate>2010-11-11T00:00:00</StartingDate>
				<EndDate>2010-11-19T00:00:00</EndDate>
			</IntervalOfDates>
		</TemporalExtent>
	</TemporalReference>
	<TemporalReference>
		<TemporalExtent>
			<IndividualDate>2010-11-19T00:00:00</IndividualDate>
		</TemporalExtent>
	</TemporalReference>
	<TemporalReference>
		<TemporalExtent>
			<IntervalOfDates>
				<StartingDate>2011-11-11T00:00:00</StartingDate>
				<EndDate>2011-11-19T00:00:00</EndDate>
			</IntervalOfDates>
		</TemporalExtent>
	</TemporalReference>
	<TemporalReference>
		<DateOfCreation>2005-12-12</DateOfCreation>
	</TemporalReference>
	<SpatialResolution abstract="Map Service of a European Mosaic. The mosaic is a harmonised dataset and is based on the individual orthorectified scenes from the Image 2000 project. This service covers the Landsat 7 multispectral bands 3, 2 and 1.">
		<EquivalentScale>1</EquivalentScale>
	</SpatialResolution>
	<Conformity>
		<Specification>
			<Title>INSPIRE Annex II Orthoimagery</Title>
			<DateOfPublication>2010-12-17</DateOfPublication>
		</Specification>
		<Degree>notConformant</Degree>
	</Conformity>
	<ConditionsForAccessAndUse>no conditions apply</ConditionsForAccessAndUse>
	<LimitationsOnPublicAccess>no limitations</LimitationsOnPublicAccess>
	<ResponsibleOrganisation>
		<ResponsibleParty>
			<OrganisationName>(R Service)Spatial Data Infrastructure Unit, Institute for Environment &amp; Sustainability, Joint Research Centre, European Commission</OrganisationName>
			<EmailAddress>(r)image2000@jrc.ec.europa.eu</EmailAddress>
		</ResponsibleParty>
		<ResponsiblePartyRole>publisher</ResponsiblePartyRole>
	</ResponsibleOrganisation>
	<MetadataPointOfContact>
		<OrganisationName>MC Spatial Data Infrastructure Unit, Institute for Environment &amp; Sustainability, Joint Research Centre, European Commission</OrganisationName>
		<EmailAddress>(MC)image2000@jrc.ec.europa.eu</EmailAddress>
	</MetadataPointOfContact>
	<MetadataDate>2010-06-15</MetadataDate>
	<MetadataLanguage>eng</MetadataLanguage>
	<CoupledResource>
		<Code>sfdsdf</Code>
		<Namespace>adsasd</Namespace>
	</CoupledResource>
	<SpatialDataServiceType>view</SpatialDataServiceType>
</SpatialDataService>
