<?xml version="1.0" encoding="UTF-8"?>
<SpatialDataSet xmlns="http://inspire.ec.europa.eu/schemas/common/1.0" xmlns:xsi="http://www.w3.org/2001/XMLSchema-instance" xsi:schemaLocation="http://inspire.ec.europa.eu/schemas/common/1.0 http://inspire.ec.europa.eu/schemas/common/1.0/common.xsd">
	<ResourceTitle>resourcetitle2</ResourceTitle>
	<ResourceAbstract>resourceabstract</ResourceAbstract>
	<ResourceType>dataset</ResourceType>
	<ResourceLocator>
		<URL>http://resourcelocator1.com</URL>
	</ResourceLocator>
	<ResourceLocator>
		<URL>http://resourcelocator2.com</URL>
		<MediaType>text/html</MediaType>
	</ResourceLocator>
	<MandatoryKeyword xsi:type="inspireTheme_eng">
		<OriginatingControlledVocabulary>
			<Title>GEMET - INSPIRE themes</Title>
			<DateOfPublication>2008-06-01</DateOfPublication>
		</OriginatingControlledVocabulary>
		<KeywordValue>Addresses</KeywordValue>
	</MandatoryKeyword>
	<MandatoryKeyword xsi:type="inspireTheme_eng">
		<OriginatingControlledVocabulary>
			<Title>GEMET - INSPIRE themes</Title>
			<DateOfPublication>2008-06-01</DateOfPublication>
		</OriginatingControlledVocabulary>
		<KeywordValue>Administrative units</KeywordValue>
	</MandatoryKeyword>
	<MandatoryKeyword xsi:type="inspireTheme_eng">
		<OriginatingControlledVocabulary>
			<Title>GEMET - INSPIRE themes</Title>
			<DateOfPublication>2008-06-01</DateOfPublication>
		</OriginatingControlledVocabulary>
		<KeywordValue>Bio-geographical regions</KeywordValue>
	</MandatoryKeyword>
	<MandatoryKeyword xsi:type="inspireTheme_eng">
		<OriginatingControlledVocabulary>
			<Title>GEMET - INSPIRE themes</Title>
			<DateOfPublication>2008-06-01</DateOfPublication>
		</OriginatingControlledVocabulary>
		<KeywordValue>Agricultural and aquaculture facilities</KeywordValue>
	</MandatoryKeyword>
	<Keyword>
		<KeywordValue>food production (agriculture)</KeywordValue>
	</Keyword>
	<Keyword>
		<KeywordValue>agriculture</KeywordValue>
	</Keyword>
	<GeographicBoundingBox>
		<East>1.11</East>
		<West>-2.22</West>
		<North>3.33</North>
		<South>-4.44</South>
	</GeographicBoundingBox>
	<GeographicBoundingBox>
		<East>11.11</East>
		<West>-22.22</West>
		<North>33.33</North>
		<South>-44.44</South>
	</GeographicBoundingBox>
	<TemporalReference>
		<TemporalExtent>
			<IntervalOfDates>
				<StartingDate>2010-11-11T00:00:00</StartingDate>
				<EndDate>2010-11-19T00:00:00</EndDate>
			</IntervalOfDates>
		</TemporalExtent>
	</TemporalReference>
	<TemporalReference>
		<TemporalExtent>
			<IndividualDate>2010-11-19T00:00:00</IndividualDate>
		</TemporalExtent>
	</TemporalReference>
	<TemporalReference>
		<TemporalExtent>
			<IndividualDate>2010-11-19T10:20:30</IndividualDate>
		</TemporalExtent>
	</TemporalReference>
	<TemporalReference>
		<TemporalExtent>
			<IntervalOfDates>
				<StartingDate>2011-11-11T00:00:00</StartingDate>
				<EndDate>2011-11-19T00:00:00</EndDate>
			</IntervalOfDates>
		</TemporalExtent>
	</TemporalReference>
	<TemporalReference>
		<DateOfCreation>2000-11-22</DateOfCreation>
	</TemporalReference>
	<TemporalReference>
		<DateOfLastRevision>2010-11-19T10:20:30</DateOfLastRevision>
	</TemporalReference>
	<TemporalReference>
		<DateOfPublication>2020-11-19T00:00:00</DateOfPublication>
	</TemporalReference>
	<SpatialResolution>
		<EquivalentScale>10</EquivalentScale>
	</SpatialResolution>
	<SpatialResolution abstract="testabstractres2">
		<EquivalentScale>2</EquivalentScale>
	</SpatialResolution>
	<SpatialResolution abstract="testabstractres3">
		<ResolutionDistance>333</ResolutionDistance>
		<UnitOfMeasure>myuom</UnitOfMeasure>
	</SpatialResolution>
	<Conformity>
		<Specification xsi:type="citationInspireDirective_ita">
			<Title>Direttiva 2007/2/CE del Parlamento europeo e del Consiglio, del 14 marzo 2007, che istituisce un&apos;Infrastruttura per l&apos;informazione territoriale nella Comunità europea (Inspire)</Title>
			<DateOfPublication>2007-04-25</DateOfPublication>
			<URI>OJ:L:2007:108:SOM:IT:HTML</URI>
			<ResourceLocator>
				<URL>http://eur-lex.europa.eu/JOHtml.do?uri=OJ:L:2007:108:SOM:IT:HTML</URL>
				<MediaType>text/html</MediaType>
			</ResourceLocator>
		</Specification>
		<Degree>notEvaluated</Degree>
	</Conformity>
	<Conformity>
		<Specification>
			<Title>spec2</Title>
			<DateOfCreation>2010-11-09</DateOfCreation>
		</Specification>
		<Degree>notConformant</Degree>
	</Conformity>
	<Conformity>
		<Specification>
			<Title>spec2</Title>
			<DateOfCreation>2010-11-09</DateOfCreation>
		</Specification>
		<Degree>conformant</Degree>
	</Conformity>
	<ConditionsForAccessAndUse>condition1</ConditionsForAccessAndUse>
	<ConditionsForAccessAndUse>no conditions apply</ConditionsForAccessAndUse>
	<LimitationsOnPublicAccess>copyright</LimitationsOnPublicAccess>
	<LimitationsOnPublicAccess>no limitations</LimitationsOnPublicAccess>
	<ResponsibleOrganisation>
		<ResponsibleParty>
			<OrganisationName>resppartyorgname1</OrganisationName>
			<EmailAddress>jrc1@jrc.it</EmailAddress>
		</ResponsibleParty>
		<ResponsiblePartyRole>author</ResponsiblePartyRole>
	</ResponsibleOrganisation>
	<ResponsibleOrganisation>
		<ResponsibleParty>
			<OrganisationName>resppartyorgname2</OrganisationName>
			<EmailAddress>jrc2@jrc.it</EmailAddress>
		</ResponsibleParty>
		<ResponsiblePartyRole>author</ResponsiblePartyRole>
	</ResponsibleOrganisation>
	<MetadataPointOfContact>
		<OrganisationName>MDPointOfContact1</OrganisationName>
		<EmailAddress>MDPointOfContac12@orgemail1.com</EmailAddress>
	</MetadataPointOfContact>
	<MetadataPointOfContact>
		<OrganisationName>MDPointOfContact2</OrganisationName>
		<EmailAddress>MDPointOfContact2@orgemail1.com</EmailAddress>
	</MetadataPointOfContact>
	<MetadataDate>2010-11-10</MetadataDate>
	<MetadataLanguage>eng</MetadataLanguage>
	<UniqueResourceIdentifier metadataURL="ciao">
		<Code>code1</Code>
		<Namespace>namespace1</Namespace>
	</UniqueResourceIdentifier>
	<UniqueResourceIdentifier>
		<Code>code2</Code>
		<Namespace>namespace2</Namespace>
	</UniqueResourceIdentifier>
	<ResourceLanguage>por</ResourceLanguage>
	<ResourceLanguage>ita</ResourceLanguage>
	<TopicCategory>biota</TopicCategory>
	<TopicCategory>elevation</TopicCategory>
	<Lineage>lineage statement</Lineage>
</SpatialDataSet>
