<?xml version="1.0" encoding="UTF-8"?>
<!--
18-FEB-2011 Changed encoding for Language Elements in Network Services
16-FEB-2011 Introduced namespace "common"
                    Removed unnecessary namespace references
20-DEC-2010 Restored ins_com alias
16-DEC-2010 Switched to INSPIRE Schema
-->
<WMS_Capabilities version="1.3.0" xmlns="http://www.opengis.net/wms" xmlns:ins_com="http://inspire.ec.europa.eu/schemas/common/1.0" xmlns:ins_vs="http://inspire.ec.europa.eu/schemas/inspire_vs/1.0" xmlns:xlink="http://www.w3.org/1999/xlink" xmlns:xsi="http://www.w3.org/2001/XMLSchema-instance" xsi:schemaLocation="http://inspire.ec.europa.eu/schemas/inspire_vs/1.0 http://inspire.ec.europa.eu/schemas/inspire_vs/1.0/inspire_vs.xsd">
	<Service>
		<Name>WMS</Name>
		<Title>Europe Mapping Service based on the Image2000 European mosaic (panchromatic)</Title>
		<Abstract>Map Service of a European Mosaic. The mosaic is a harmonised dataset and is based on the individual orthorectified scenes from the Image 2000 project. This service is based on the panchromatic sensor of the Landsat 7 satellite.</Abstract>
		<KeywordList>
			<Keyword vocabulary="ISO">humanGeographicViewer</Keyword>
			<Keyword vocabulary="ISO">infoMapAccessService</Keyword>
			<Keyword>satellite imagery</Keyword>
			<Keyword vocabulary="GEMET - INSPIRE themes">orthoimagery</Keyword>
		</KeywordList>
		<OnlineResource xmlns:xlink="http://www.w3.org/1999/xlink" xlink:type="simple" xlink:href="http://ags-sdi-public.jrc.ec.europa.eu/arcgis/services/image2000_pan/Mapserver/WMSServer?request=GetCapabilities&amp;service=wms&amp;version=1.3.0"/>
		<ContactInformation>
			<ContactPersonPrimary>
				<ContactPerson>Hildegard Gerlach</ContactPerson>
				<ContactOrganization>Spatial Data Infrastructure Unit, Institute for Environment &amp; Sustainability, Joint Research Centre, European Commission</ContactOrganization>
			</ContactPersonPrimary>
			<ContactPosition>pointOfContact</ContactPosition>
			<ContactAddress>
				<AddressType>Postal</AddressType>
				<Address>Via Fermi 2749</Address>
				<City>Ispra</City>
				<StateOrProvince>VA</StateOrProvince>
				<PostCode>21027</PostCode>
				<Country>Italy</Country>
			</ContactAddress>
			<ContactVoiceTelephone>+390332785638</ContactVoiceTelephone>
			<ContactFacsimileTelephone>+390332785638</ContactFacsimileTelephone>
			<ContactElectronicMailAddress>hildegard.gerlach@jrc.ec.europa.eu</ContactElectronicMailAddress>
		</ContactInformation>
		<Fees>no conditions apply</Fees>
		<AccessConstraints>no limitations</AccessConstraints>
		<MaxWidth>2048</MaxWidth>
		<MaxHeight>2048</MaxHeight>
	</Service>
	<Capability>
		<Request>
			<GetCapabilities>
				<Format>application/vnd.ogc.wms_xml</Format>
				<Format>text/xml</Format>
				<DCPType>
					<HTTP>
						<Get>
							<OnlineResource xmlns:xlink="http://www.w3.org/1999/xlink" xlink:type="simple" xlink:href="http://ags-sdi-public.jrc.ec.europa.eu/arcgis/services/image2000_pan/MapServer/WMSServer"/>
						</Get>
					</HTTP>
				</DCPType>
			</GetCapabilities>
			<GetMap>
				<Format>image/bmp</Format>
				<Format>image/jpeg</Format>
				<Format>image/tiff</Format>
				<Format>image/png</Format>
				<Format>image/gif</Format>
				<Format>image/svg+xml</Format>
				<DCPType>
					<HTTP>
						<Get>
							<OnlineResource xmlns:xlink="http://www.w3.org/1999/xlink" xlink:type="simple" xlink:href="http://ags-sdi-public.jrc.ec.europa.eu/arcgis/services/image2000_pan/MapServer/WMSServer"/>
						</Get>
					</HTTP>
				</DCPType>
			</GetMap>
			<GetFeatureInfo>
				<Format>application/vnd.ogc.wms_xml</Format>
				<Format>text/xml</Format>
				<Format>text/html</Format>
				<Format>text/plain</Format>
				<DCPType>
					<HTTP>
						<Get>
							<OnlineResource xmlns:xlink="http://www.w3.org/1999/xlink" xlink:type="simple" xlink:href="http://ags-sdi-public.jrc.ec.europa.eu/arcgis/services/image2000_pan/MapServer/WMSServer"/>
						</Get>
					</HTTP>
				</DCPType>
			</GetFeatureInfo>
		</Request>
		<Exception>
			<Format>application/vnd.ogc.se_xml</Format>
			<Format>application/vnd.ogc.se_inimage</Format>
			<Format>application/vnd.ogc.se_blank</Format>
			<Format>text/xml</Format>
			<Format>XML</Format>
		</Exception>
		<ins_vs:ExtendedCapabilities>
			<ins_com:ResourceLocator>
				<ins_com:URL>http://image2000.jrc.ec.europa.eu</ins_com:URL>
				<ins_com:MediaType>text/html</ins_com:MediaType>
			</ins_com:ResourceLocator>
			<ins_com:ResourceLocator>
				<ins_com:URL>http://ags-sdi-public.jrc.ec.europa.eu/arcgis/services/image2000_pan/Mapserver/WMSServer?request=GetCapabilities&amp;service=wms&amp;version=1.3.0</ins_com:URL>
				<ins_com:MediaType>application/vnd.ogc.wms_xml</ins_com:MediaType>
			</ins_com:ResourceLocator>
			<ins_com:ResourceType>service</ins_com:ResourceType>
			<ins_com:TemporalReference>
				<ins_com:DateOfCreation>2005-12-12</ins_com:DateOfCreation>
				<ins_com:DateOfLastRevision>2005-12-13</ins_com:DateOfLastRevision>
				<ins_com:DateOfPublication>2005-12-13</ins_com:DateOfPublication>
			</ins_com:TemporalReference>
			<ins_com:TemporalReference>
				<ins_com:TemporalExtent>
					<ins_com:IndividualDate>2005-01-01T00:00:00</ins_com:IndividualDate>
					<ins_com:IntervalOfDates>
						<ins_com:StartingDate>2005-01-01T00:00:00</ins_com:StartingDate>
						<ins_com:EndDate>2005-12-31T00:00:00</ins_com:EndDate>
					</ins_com:IntervalOfDates>
				</ins_com:TemporalExtent>
			</ins_com:TemporalReference>
			<ins_com:Conformity>
				<ins_com:Specification xsi:type="ins_com:citationInspireNSRegulation_eng">
					<ins_com:Title>Commission Regulation (EC) No 976/2009 of 19 October 2009 implementing Directive 2007/2/EC of the European Parliament and of the Council as regards the Network Services</ins_com:Title>
					<ins_com:DateOfPublication>2009-10-19</ins_com:DateOfPublication>
					<ins_com:URI>CELEX:32009R0976:EN:NOT</ins_com:URI>
					<ins_com:ResourceLocator>
						<ins_com:URL>http://eur-lex.europa.eu/LexUriServ/LexUriServ.do?uri=CELEX:32009R0976:EN:NOT</ins_com:URL>
						<ins_com:MediaType>text/html</ins_com:MediaType>
					</ins_com:ResourceLocator>
				</ins_com:Specification>
				<ins_com:Degree>conformant</ins_com:Degree>
			</ins_com:Conformity>
			<ins_com:Conformity>
				<ins_com:Specification xsi:type="ins_com:citationInspireMDRegulation_eng">
					<ins_com:Title>Commission Regulation (EC) No 1205/2008 of 3 December 2008 implementing Directive 2007/2/EC of the European Parliament and of the Council as regards metadata (Text with EEA relevance)</ins_com:Title>
					<ins_com:DateOfPublication>2008-12-03</ins_com:DateOfPublication>
					<ins_com:URI>CELEX:32008R1205:EN:NOT</ins_com:URI>
					<ins_com:ResourceLocator>
						<ins_com:URL>http://eur-lex.europa.eu/LexUriServ/LexUriServ.do?uri=CELEX:32008R1205:EN:NOT</ins_com:URL>
						<ins_com:MediaType>text/html</ins_com:MediaType>
					</ins_com:ResourceLocator>
				</ins_com:Specification>
				<ins_com:Degree>notConformant</ins_com:Degree>
			</ins_com:Conformity>
			<ins_com:Conformity>
				<ins_com:Specification xsi:type="ins_com:citationInspireDirective_eng">
					<ins_com:Title>Directive 2007/2/EC of the European Parliament and of the Council of 14 March 2007 establishing an Infrastructure for Spatial Information in the European Community (INSPIRE)</ins_com:Title>
					<ins_com:DateOfPublication>2007-04-25</ins_com:DateOfPublication>
					<ins_com:URI>OJ:L:2007:108:SOM:EN:HTML</ins_com:URI>
					<ins_com:ResourceLocator>
						<ins_com:URL>http://eur-lex.europa.eu/JOHtml.do?uri=OJ:L:2007:108:SOM:EN:HTML</ins_com:URL>
						<ins_com:MediaType>text/html</ins_com:MediaType>
					</ins_com:ResourceLocator>
				</ins_com:Specification>
				<ins_com:Degree>notEvaluated</ins_com:Degree>
			</ins_com:Conformity>
			<ins_com:MetadataPointOfContact>
				<ins_com:OrganisationName>Spatial Data Infrastructure Unit, Institute for Environment &amp; Sustainability, Joint Research Centre, European Commission</ins_com:OrganisationName>
				<ins_com:EmailAddress>image2000@jrc.ec.europa.eu</ins_com:EmailAddress>
			</ins_com:MetadataPointOfContact>
			<ins_com:MetadataDate>2010-06-15</ins_com:MetadataDate>
			<ins_com:SpatialDataServiceType>view</ins_com:SpatialDataServiceType>
			<ins_com:MandatoryKeyword>
				<ins_com:KeywordValue>humanGeographicViewer</ins_com:KeywordValue>
			</ins_com:MandatoryKeyword>
			<ins_com:MandatoryKeyword>
				<ins_com:KeywordValue>infoMapAccessService</ins_com:KeywordValue>
			</ins_com:MandatoryKeyword>
			<ins_com:Keyword xsi:type="ins_com:inspireTheme_eng">
				<ins_com:OriginatingControlledVocabulary>
					<ins_com:Title>GEMET - INSPIRE themes</ins_com:Title>
					<ins_com:DateOfPublication>2008-06-01</ins_com:DateOfPublication>
				</ins_com:OriginatingControlledVocabulary>
				<ins_com:KeywordValue>Orthoimagery</ins_com:KeywordValue>
			</ins_com:Keyword>
			<ins_com:Keyword>
				<ins_com:KeywordValue>satellite imagery</ins_com:KeywordValue>
			</ins_com:Keyword>
			<ins_com:SupportedLanguages>
				<ins_com:DefaultLanguage>
					<ins_com:Language>eng</ins_com:Language>
				</ins_com:DefaultLanguage>
				<ins_com:SupportedLanguage>
					<ins_com:Language>cze</ins_com:Language>
				</ins_com:SupportedLanguage>
			</ins_com:SupportedLanguages>
			<ins_com:ResponseLanguage>
				<ins_com:Language>eng</ins_com:Language>
			</ins_com:ResponseLanguage>
			<ins_com:MetadataUrl>
				<ins_com:URL>	http://www.inspire-geoportal.eu/discovery/csw?Service=CSW&amp;Request=GetRecordById&amp;Version=2.0.2&amp;id=jrc_img2k_service_pan&amp;outputSchema=http://www.isotc211.org/2005/gmd&amp;elementSetName=full</ins_com:URL>
				<ins_com:MediaType>application/vnd.iso.19139+xml</ins_com:MediaType>
			</ins_com:MetadataUrl>
		</ins_vs:ExtendedCapabilities>
		<Layer>
			<!-- Each layer in the capabilities that has a <Name> element can be requested to the service, therefore we have put it out (it is not physical layer of WMS, but logical. 
			<Name>OI.IM2K_PAN.Layers</Name>-->
			<Title>Image 2000 Panchromatic Mosaic Layers</Title>
			<CRS>CRS:84</CRS>
			<CRS>EPSG:4326</CRS>
			<CRS>EPSG:4258</CRS>
			<CRS>EPSG:3035</CRS>
			<CRS>EPSG:3034</CRS>
			<EX_GeographicBoundingBox>
				<westBoundLongitude>-14.317500</westBoundLongitude>
				<eastBoundLongitude>35.017500</eastBoundLongitude>
				<southBoundLatitude>32.688750</southBoundLatitude>
				<northBoundLatitude>72.536250</northBoundLatitude>
			</EX_GeographicBoundingBox>
			<BoundingBox CRS="CRS:84" minx="-14.317500" miny="32.688750" maxx="35.017500" maxy="72.536250"/>
			<BoundingBox CRS="EPSG:4326" minx="32.688750" miny="-14.317500" maxx="72.536250" maxy="35.017500"/>
			<BoundingBox CRS="EPSG:4258" minx="32.688750" miny="-14.317500" maxx="72.536250" maxy="35.017500"/>
			<BoundingBox CRS="EPSG:3035" minx="1065289.448885" miny="2096360.959822" maxx="5634890.300005" maxy="6607617.368400"/>
			<BoundingBox CRS="EPSG:3034" minx="695310.772226" miny="1795068.846538" maxx="5204512.451326" maxy="6266414.527296"/>
			<Layer>
				<Name>0</Name>
				<Title>Mosaic</Title>
				<Abstract>Image 2000 Panchromatic Mosaic</Abstract>
				<KeywordList>
					<Keyword>Orthoimagery</Keyword>
				</KeywordList>
				<CRS>CRS:84</CRS>
				<CRS>EPSG:4326</CRS>
				<CRS>EPSG:4258</CRS>
				<CRS>EPSG:3035</CRS>
				<CRS>EPSG:3034</CRS>
				<EX_GeographicBoundingBox>
					<westBoundLongitude>-12.075000</westBoundLongitude>
					<eastBoundLongitude>32.775000</eastBoundLongitude>
					<southBoundLatitude>34.500000</southBoundLatitude>
					<northBoundLatitude>70.725000</northBoundLatitude>
				</EX_GeographicBoundingBox>
				<BoundingBox CRS="CRS:84" minx="-12.075000" miny="34.500000" maxx="32.775000" maxy="70.725000"/>
				<BoundingBox CRS="EPSG:4326" minx="34.500000" miny="-12.075000" maxx="70.725000" maxy="32.775000"/>
				<BoundingBox CRS="EPSG:4258" minx="34.500000" miny="-12.075000" maxx="70.725000" maxy="32.775000"/>
				<BoundingBox CRS="EPSG:3035" minx="1272998.578481" miny="2301418.069303" maxx="5427181.170408" maxy="6402560.258919"/>
				<BoundingBox CRS="EPSG:3034" minx="900274.484912" miny="1998311.832027" maxx="4999548.738640" maxy="6063171.541807"/>
				<MetadataURL type="ISO19115:2003 ">
					<Format>text/xml</Format>
					<OnlineResource xmlns:xlink="http://www.w3.org/1999/xlink" xlink:type="simple" xlink:href="http://www.inspire-geoportal.eu/discovery/csw?Service=CSW&amp;Request=GetRecordById&amp;Version=2.0.2&amp;id=jrc_img2k_pr5_mosaic_PAN&amp;outputSchema=http://www.isotc211.org/2005/gmd&amp;elementSetName=full#jrc_img2k_pr5_mosaic_PAN"/>
				</MetadataURL>
				<Style>
					<Name>ins_com:DEFAULT</Name>
					<Title>Image 2000 Panchromatic Mosaic</Title>
					<LegendURL width="100" height="40">
						<Format>image/png</Format>
						<OnlineResource xlink:href="http://ags-sdi-public.jrc.ec.europa.eu/arcgis/wms/image2000_pan/default0.png" xlink:type="simple" xmlns:xlink="http://www.w3.org/1999/xlink"/>
					</LegendURL>
				</Style>
				<Layer>
					<Name>0.1</Name>
					<Title>RecursionTest</Title>
					<Abstract>Image 2000 Panchromatic Mosaic</Abstract>
					<KeywordList>
						<Keyword>Orthoimagery</Keyword>
					</KeywordList>
					<CRS>CRS:84</CRS>
					<CRS>EPSG:4326</CRS>
					<CRS>EPSG:4258</CRS>
					<CRS>EPSG:3035</CRS>
					<CRS>EPSG:3034</CRS>
					<EX_GeographicBoundingBox>
						<westBoundLongitude>-12.075000</westBoundLongitude>
						<eastBoundLongitude>32.775000</eastBoundLongitude>
						<southBoundLatitude>34.500000</southBoundLatitude>
						<northBoundLatitude>70.725000</northBoundLatitude>
					</EX_GeographicBoundingBox>
					<BoundingBox CRS="CRS:84" minx="-12.075000" miny="34.500000" maxx="32.775000" maxy="70.725000"/>
					<BoundingBox CRS="EPSG:4326" minx="34.500000" miny="-12.075000" maxx="70.725000" maxy="32.775000"/>
					<BoundingBox CRS="EPSG:4258" minx="34.500000" miny="-12.075000" maxx="70.725000" maxy="32.775000"/>
					<BoundingBox CRS="EPSG:3035" minx="1272998.578481" miny="2301418.069303" maxx="5427181.170408" maxy="6402560.258919"/>
					<BoundingBox CRS="EPSG:3034" minx="900274.484912" miny="1998311.832027" maxx="4999548.738640" maxy="6063171.541807"/>
					<MetadataURL type="ISO19115:2003 ">
						<Format>text/xml</Format>
						<OnlineResource xmlns:xlink="http://www.w3.org/1999/xlink" xlink:type="simple" xlink:href="http://www.inspire-geoportal.eu/discovery/csw?Service=CSW&amp;Request=GetRecordById&amp;Version=2.0.2&amp;id=jrc_img2k_pr5_mosaic_PAN&amp;outputSchema=http://www.isotc211.org/2005/gmd&amp;elementSetName=full#jrc_img2k_pr5_mosaic_PAN21"/>
					</MetadataURL>
					<MetadataURL type="ISO19115:2003 ">
						<Format>text/xml</Format>
						<OnlineResource xmlns:xlink="http://www.w3.org/1999/xlink" xlink:type="simple" xlink:href="http://www.inspire-geoportal.eu/discovery/csw?Service=CSW&amp;Request=GetRecordById&amp;Version=2.0.2&amp;id=jrc_img2k_pr5_mosaic_PAN&amp;outputSchema=http://www.isotc211.org/2005/gmd&amp;elementSetName=full#jrc_img2k_pr5_mosaic_PAN22"/>
					</MetadataURL>
					<Style>
						<Name>ins_com:DEFAULT</Name>
						<Title>Image 2000 Panchromatic Mosaic</Title>
						<LegendURL width="100" height="40">
							<Format>image/png</Format>
							<OnlineResource xlink:href="http://ags-sdi-public.jrc.ec.europa.eu/arcgis/wms/image2000_pan/default0.png" xlink:type="simple" xmlns:xlink="http://www.w3.org/1999/xlink"/>
						</LegendURL>
					</Style>
				</Layer>
			</Layer>
		</Layer>
	</Capability>
</WMS_Capabilities>
