<?xml version="1.0" encoding="ISO-8859-1" standalone="no"?>
<!--
18-FEB-2011 Changed encoding for Language Elements in Network Services
16-FEB-2011 Introduced namespace "common"
                    Removed unnecessary namespace references
                    Switched to short form of INSPIRE namespace alises
-->
<WMS_Capabilities xmlns="http://www.opengis.net/wms" xmlns:sld="http://www.opengis.net/sld" xmlns:xsi="http://www.w3.org/2001/XMLSchema-instance" xmlns:ms="http://mapserver.gis.umn.edu/mapserver" xmlns:ins_vs="http://inspire.ec.europa.eu/schemas/inspire_vs/1.0" xmlns:ins_com="http://inspire.ec.europa.eu/schemas/common/1.0" xmlns:xlink="http://www.w3.org/1999/xlink" version="1.3.0" xsi:schemaLocation="http://www.opengis.net/wms http://schemas.opengis.net/wms/1.3.0/capabilities_1_3_0.xsd  http://www.opengis.net/sld http://schemas.opengis.net/sld/1.1.0/sld_capabilities.xsd  http://mapserver.gis.umn.edu/mapserver http://wms.geoimage.at/dop-1mfree-beta101221?service=WMS&amp;version=1.3.0&amp;request=GetSchemaExtension http://inspire.ec.europa.eu/schemas/inspire_vs/1.0 http://inspire.ec.europa.eu/schemas/inspire_vs/1.0/inspire_vs.xsd">
	<!--31-JAN-2011 INSPIRE schema updated to 0.19 (Removed language dependent schema implementations)-->
	<!--SGW + MapServer-->
	<Service>
		<Name>WMS</Name>
		<Title>Geoimage_1m</Title>
		<Abstract>This service provides starting from October 2010 middle resolution orthoimagery of Austria and is intended to support open Data communities such as openstreetmap.org in creating new or enhancing free spatial data. This service is provided for the time being, there is no guarantee for long-term availability.</Abstract>
		<KeywordList>
			<Keyword>GEOIMAGE</Keyword>
			<Keyword>ORTHOPHOTO</Keyword>
			<Keyword>ORTHOFOTO</Keyword>
			<Keyword>REMOTE SENSING</Keyword>
			<Keyword>AUSTRIA</Keyword>
			<Keyword>LFRZ</Keyword>
		</KeywordList>
		<OnlineResource xmlns:xlink="http://www.w3.org/1999/xlink" xlink:href="http://wms.geoimage.at/dop-1mfree-beta101221?"/>
		<ContactInformation>
			<ContactPersonPrimary>
				<ContactPerson>Wolfgang Tinkl</ContactPerson>
				<ContactOrganization>http://www.geoimage.at</ContactOrganization>
			</ContactPersonPrimary>
			<ContactElectronicMailAddress>office@geoimage.at</ContactElectronicMailAddress>
		</ContactInformation>
		<Fees>no conditions apply</Fees>
		<AccessConstraints>The content of this service is copyright by GEOIMAGE-AUSTRIA(R) and protected by law. This WMS can be used by anybody for private, governmental and non-profit purposes. Use for Commercial purposes is NOT allowed, however secondary products (created on basis of this service) are not subject to this non-commercial restriction as long as these secondary products are made freely available e.g. under the Creative Commons Attribution-ShareAlike 2.0 (CC-BY-SA) license. Systematic mass caching of data (to create a local copy of the dataset) is NOT allowed - onlineuse (GetMap, GetCapabilities) only. Cascading of this service is NOT allowed. Availability and/or performance of this service is NOT guaranteed. Data and data quality are NOT subject to any warranty. This service is provided for the time being, there is no guarantee for long-term availability. If you want to access our HIGH-RESOLUTION WMS without watermarks or intend commercial use, please contact office@geoimage.at or visit our website http://www.geoimage.at.</AccessConstraints>
		<MaxWidth>2048</MaxWidth>
		<MaxHeight>2048</MaxHeight>
	</Service>
	<Capability>
		<Request>
			<GetCapabilities>
				<Format>text/xml</Format>
				<DCPType>
					<HTTP>
						<Get>
							<OnlineResource xmlns:xlink="http://www.w3.org/1999/xlink" xlink:href="http://wms.geoimage.at/dop-1mfree-beta101221?"/>
						</Get>
						<Post>
							<OnlineResource xmlns:xlink="http://www.w3.org/1999/xlink" xlink:href="http://wms.geoimage.at/dop-1mfree-beta101221?"/>
						</Post>
					</HTTP>
				</DCPType>
			</GetCapabilities>
			<GetMap>
				<Format>image/png</Format>
				<Format>image/jpg</Format>
				<Format>image/gif</Format>
				<Format>image/png; mode=24bit</Format>
				<Format>image/vnd.wap.wbmp</Format>
				<Format>image/jpeg</Format>
				<Format>image/tiff</Format>
				<Format>image/svg+xml</Format>
				<DCPType>
					<HTTP>
						<Get>
							<OnlineResource xmlns:xlink="http://www.w3.org/1999/xlink" xlink:href="http://wms.geoimage.at/dop-1mfree-beta101221?"/>
						</Get>
						<Post>
							<OnlineResource xmlns:xlink="http://www.w3.org/1999/xlink" xlink:href="http://wms.geoimage.at/dop-1mfree-beta101221?"/>
						</Post>
					</HTTP>
				</DCPType>
			</GetMap>
			<GetFeatureInfo>
				<Format>text/plain</Format>
				<Format>application/vnd.ogc.gml</Format>
				<DCPType>
					<HTTP>
						<Get>
							<OnlineResource xmlns:xlink="http://www.w3.org/1999/xlink" xlink:href="http://wms.geoimage.at/dop-1mfree-beta101221?"/>
						</Get>
						<Post>
							<OnlineResource xmlns:xlink="http://www.w3.org/1999/xlink" xlink:href="http://wms.geoimage.at/dop-1mfree-beta101221?"/>
						</Post>
					</HTTP>
				</DCPType>
			</GetFeatureInfo>
			<sld:DescribeLayer>
				<Format>text/xml</Format>
				<DCPType>
					<HTTP>
						<Get>
							<OnlineResource xmlns:xlink="http://www.w3.org/1999/xlink" xlink:href="http://wms.geoimage.at/dop-1mfree-beta101221?"/>
						</Get>
						<Post>
							<OnlineResource xmlns:xlink="http://www.w3.org/1999/xlink" xlink:href="http://wms.geoimage.at/dop-1mfree-beta101221?"/>
						</Post>
					</HTTP>
				</DCPType>
			</sld:DescribeLayer>
			<sld:GetLegendGraphic>
				<Format>image/png</Format>
				<Format>image/jpg</Format>
				<Format>image/gif</Format>
				<Format>image/png; mode=24bit</Format>
				<Format>image/vnd.wap.wbmp</Format>
				<Format>image/jpeg</Format>
				<DCPType>
					<HTTP>
						<Get>
							<OnlineResource xmlns:xlink="http://www.w3.org/1999/xlink" xlink:href="http://wms.geoimage.at/dop-1mfree-beta101221?"/>
						</Get>
						<Post>
							<OnlineResource xmlns:xlink="http://www.w3.org/1999/xlink" xlink:href="http://wms.geoimage.at/dop-1mfree-beta101221?"/>
						</Post>
					</HTTP>
				</DCPType>
			</sld:GetLegendGraphic>
			<ms:GetStyles>
				<Format>text/xml</Format>
				<DCPType>
					<HTTP>
						<Get>
							<OnlineResource xmlns:xlink="http://www.w3.org/1999/xlink" xlink:href="http://wms.geoimage.at/dop-1mfree-beta101221?"/>
						</Get>
						<Post>
							<OnlineResource xmlns:xlink="http://www.w3.org/1999/xlink" xlink:href="http://wms.geoimage.at/dop-1mfree-beta101221?"/>
						</Post>
					</HTTP>
				</DCPType>
			</ms:GetStyles>
		</Request>
		<Exception>
			<Format>XML</Format>
			<Format>INIMAGE</Format>
			<Format>BLANK</Format>
		</Exception>
		<ins_vs:ExtendedCapabilities>
			<ins_com:ResourceLocator>
				<ins_com:URL>http://www.geoimage.at</ins_com:URL>
				<ins_com:MediaType>text/html</ins_com:MediaType>
			</ins_com:ResourceLocator>
			<ins_com:ResourceType>service</ins_com:ResourceType>
			<ins_com:TemporalReference>
				<ins_com:DateOfCreation>2010-12-21</ins_com:DateOfCreation>
			</ins_com:TemporalReference>
			<ins_com:Conformity>
				<ins_com:Specification xsi:type="ins_com:citationInspireNSRegulation_eng">
					<ins_com:Title>Commission Regulation (EC) No 976/2009 of 19 October 2009 implementing Directive 2007/2/EC of the European Parliament and of the Council as regards the Network Services</ins_com:Title>
					<ins_com:DateOfPublication>2009-10-19</ins_com:DateOfPublication>
					<ins_com:URI>CELEX:32009R0976:EN:NOT</ins_com:URI>
					<ins_com:ResourceLocator>
						<ins_com:URL>http://eur-lex.europa.eu/LexUriServ/LexUriServ.do?uri=CELEX:32009R0976:EN:NOT</ins_com:URL>
						<ins_com:MediaType>text/html</ins_com:MediaType>
					</ins_com:ResourceLocator>
				</ins_com:Specification>
				<ins_com:Degree>notEvaluated</ins_com:Degree>
			</ins_com:Conformity>
			<ins_com:Conformity>
				<ins_com:Specification xsi:type="ins_com:citationInspireMDRegulation_eng">
					<ins_com:Title>Commission Regulation (EC) No 1205/2008 of 3 December 2008 implementing Directive 2007/2/EC of the European Parliament and of the Council as regards metadata (Text with EEA relevance)</ins_com:Title>
					<ins_com:DateOfPublication>2008-12-03</ins_com:DateOfPublication>
					<ins_com:URI>CELEX:32008R1205:EN:NOT</ins_com:URI>
					<ins_com:ResourceLocator>
						<ins_com:URL>http://eur-lex.europa.eu/LexUriServ/LexUriServ.do?uri=CELEX:32008R1205:EN:NOT</ins_com:URL>
						<ins_com:MediaType>text/html</ins_com:MediaType>
					</ins_com:ResourceLocator>
				</ins_com:Specification>
				<ins_com:Degree>notEvaluated</ins_com:Degree>
			</ins_com:Conformity>
			<ins_com:Conformity>
				<ins_com:Specification xsi:type="ins_com:citationInspireDirective_eng">
					<ins_com:Title>Directive 2007/2/EC of the European Parliament and of the Council of 14 March 2007 establishing an Infrastructure for Spatial Information in the European Community (INSPIRE)</ins_com:Title>
					<ins_com:DateOfPublication>2007-04-25</ins_com:DateOfPublication>
					<ins_com:URI>OJ:L:2007:108:SOM:EN:HTML</ins_com:URI>
					<ins_com:ResourceLocator>
						<ins_com:URL>http://eur-lex.europa.eu/JOHtml.do?uri=OJ:L:2007:108:SOM:EN:HTML</ins_com:URL>
						<ins_com:MediaType>text/html</ins_com:MediaType>
					</ins_com:ResourceLocator>
				</ins_com:Specification>
				<ins_com:Degree>notEvaluated</ins_com:Degree>
			</ins_com:Conformity>
			<ins_com:MetadataPointOfContact>
				<ins_com:OrganisationName>www.geoimage.at</ins_com:OrganisationName>
				<ins_com:EmailAddress>office@geoimage.at</ins_com:EmailAddress>
			</ins_com:MetadataPointOfContact>
			<ins_com:MetadataDate>2010-12-10</ins_com:MetadataDate>
			<ins_com:SpatialDataServiceType>view</ins_com:SpatialDataServiceType>
			<ins_com:MandatoryKeyword>
				<ins_com:KeywordValue>humanGeographicViewer</ins_com:KeywordValue>
			</ins_com:MandatoryKeyword>
			<ins_com:MandatoryKeyword>
				<ins_com:KeywordValue>infoMapAccessService</ins_com:KeywordValue>
			</ins_com:MandatoryKeyword>
			<ins_com:Keyword>
				<ins_com:OriginatingControlledVocabulary>
					<ins_com:Title>GEMET INSPIRE themes</ins_com:Title>
					<ins_com:DateOfPublication>2008-06-01</ins_com:DateOfPublication>
				</ins_com:OriginatingControlledVocabulary>
				<ins_com:KeywordValue>Orthoimagery</ins_com:KeywordValue>
			</ins_com:Keyword>
			<ins_com:SupportedLanguages>
				<ins_com:DefaultLanguage>
					<ins_com:Language>eng</ins_com:Language>
				</ins_com:DefaultLanguage>
			</ins_com:SupportedLanguages>
			<ins_com:ResponseLanguage>
				<ins_com:Language>eng</ins_com:Language>
			</ins_com:ResponseLanguage>
			<ins_com:MetadataUrl>
				<ins_com:URL>http://www.geoimage.at/test/metadata/</ins_com:URL>
				<ins_com:MediaType>application/vnd.iso.19139+xml</ins_com:MediaType>
			</ins_com:MetadataUrl>
		</ins_vs:ExtendedCapabilities>
		<sld:UserDefinedSymbolization SupportSLD="1" UserLayer="0" UserStyle="1" RemoteWFS="0" InlineFeature="0" RemoteWCS="0"/>
		<Layer>
			<Name>DOP</Name>
			<Title>Geoimage_1m</Title>
			<Abstract>This service provides starting from October 2010 middle resolution orthoimagery of Austria and is intended to support open Data communities such as openstreetmap.org in creating new or enhancing free spatial data. This service is provided for the time being, there is no guarantee for long-term availability.</Abstract>
			<KeywordList>
				<Keyword>GEOIMAGE</Keyword>
				<Keyword>ORTHOPHOTO</Keyword>
				<Keyword>ORTHOFOTO</Keyword>
				<Keyword>REMOTE SENSING</Keyword>
				<Keyword>AUSTRIA</Keyword>
				<Keyword>LFRZ</Keyword>
			</KeywordList>
			<CRS>EPSG:31287</CRS>
			<CRS>EPSG:4326</CRS>
			<CRS>EPSG:3857</CRS>
			<CRS>EPSG:900913</CRS>
			<EX_GeographicBoundingBox>
				<westBoundLongitude>9.35647</westBoundLongitude>
				<eastBoundLongitude>17.3085</eastBoundLongitude>
				<southBoundLatitude>46.0867</southBoundLatitude>
				<northBoundLatitude>49.2085</northBoundLatitude>
			</EX_GeographicBoundingBox>
			<BoundingBox CRS="EPSG:31287" minx="110000" miny="250000" maxx="690000" maxy="590000"/>
			<Layer>
				<Name>Orthophoto</Name>
				<Title>Orthophoto</Title>
				<Abstract>Orthophoto</Abstract>
				<Layer queryable="0" opaque="0" cascaded="0">
					<Name>Luftbild_1m</Name>
					<Title>Luftbild_1m_LB</Title>
					<CRS>EPSG:31287</CRS>
					<CRS>EPSG:4326</CRS>
					<CRS>EPSG:3857</CRS>
					<CRS>EPSG:900913</CRS>
					<EX_GeographicBoundingBox>
						<westBoundLongitude>9.35647</westBoundLongitude>
						<eastBoundLongitude>17.3085</eastBoundLongitude>
						<southBoundLatitude>46.0867</southBoundLatitude>
						<northBoundLatitude>49.2085</northBoundLatitude>
					</EX_GeographicBoundingBox>
					<BoundingBox CRS="EPSG:31287" minx="110000" miny="250000" maxx="690000" maxy="590000"/>
					<MaxScaleDenominator>15500</MaxScaleDenominator>
				</Layer>
				<Layer queryable="0" opaque="0" cascaded="0">
					<Name>Message</Name>
					<Title>Message</Title>
					<CRS>EPSG:31287</CRS>
					<CRS>EPSG:4326</CRS>
					<CRS>EPSG:3857</CRS>
					<CRS>EPSG:900913</CRS>
					<EX_GeographicBoundingBox>
						<westBoundLongitude>9.35647</westBoundLongitude>
						<eastBoundLongitude>17.3085</eastBoundLongitude>
						<southBoundLatitude>46.0867</southBoundLatitude>
						<northBoundLatitude>49.2085</northBoundLatitude>
					</EX_GeographicBoundingBox>
					<BoundingBox CRS="EPSG:31287" minx="110000" miny="250000" maxx="690000" maxy="590000"/>
					<MaxScaleDenominator>7500</MaxScaleDenominator>
				</Layer>
				<Layer queryable="0" opaque="0" cascaded="0">
					<Name>Luftbild_4m</Name>
					<Title>Luftbild_4m_LB</Title>
					<CRS>EPSG:31287</CRS>
					<CRS>EPSG:4326</CRS>
					<CRS>EPSG:3857</CRS>
					<CRS>EPSG:900913</CRS>
					<EX_GeographicBoundingBox>
						<westBoundLongitude>9.35647</westBoundLongitude>
						<eastBoundLongitude>17.3085</eastBoundLongitude>
						<southBoundLatitude>46.0867</southBoundLatitude>
						<northBoundLatitude>49.2085</northBoundLatitude>
					</EX_GeographicBoundingBox>
					<BoundingBox CRS="EPSG:31287" minx="110000" miny="250000" maxx="690000" maxy="590000"/>
					<MinScaleDenominator>15001</MinScaleDenominator>
					<MaxScaleDenominator>150500</MaxScaleDenominator>
				</Layer>
				<Layer queryable="0" opaque="0" cascaded="0">
					<Name>Satellitenbild_30m</Name>
					<Title>Satellitenbild_30m</Title>
					<CRS>EPSG:31287</CRS>
					<CRS>EPSG:4326</CRS>
					<CRS>EPSG:3857</CRS>
					<CRS>EPSG:900913</CRS>
					<EX_GeographicBoundingBox>
						<westBoundLongitude>9.35647</westBoundLongitude>
						<eastBoundLongitude>17.3085</eastBoundLongitude>
						<southBoundLatitude>46.0867</southBoundLatitude>
						<northBoundLatitude>49.2085</northBoundLatitude>
					</EX_GeographicBoundingBox>
					<BoundingBox CRS="EPSG:31287" minx="110000" miny="250000" maxx="690000" maxy="590000"/>
					<MinScaleDenominator>150001</MinScaleDenominator>
					<MaxScaleDenominator>1e+007</MaxScaleDenominator>
				</Layer>
			</Layer>
			<Layer>
				<Name>Metadata</Name>
				<Title>Metadata</Title>
				<Abstract>Metadata</Abstract>
				<Layer queryable="0" opaque="0" cascaded="0">
					<Name>Metadata_Tiles</Name>
					<Title>Metadata_Tiles</Title>
					<CRS>EPSG:31287</CRS>
					<CRS>EPSG:4326</CRS>
					<CRS>EPSG:3857</CRS>
					<CRS>EPSG:900913</CRS>
					<EX_GeographicBoundingBox>
						<westBoundLongitude>9.35647</westBoundLongitude>
						<eastBoundLongitude>17.3085</eastBoundLongitude>
						<southBoundLatitude>46.0867</southBoundLatitude>
						<northBoundLatitude>49.2085</northBoundLatitude>
					</EX_GeographicBoundingBox>
					<BoundingBox CRS="EPSG:31287" minx="110000" miny="250000" maxx="690000" maxy="590000"/>
					<Style>
						<Name>inspire_com:DEFAULT</Name>
						<Title>inspire_com:DEFAULT</Title>
						<LegendURL width="102" height="25">
							<Format>image/png</Format>
							<OnlineResource xmlns:xlink="http://www.w3.org/1999/xlink" xlink:type="simple" xlink:href="http://wms.geoimage.at/dop-1mfree-beta101221?version=1.3.0&amp;service=WMS&amp;request=GetLegendGraphic&amp;sld_version=1.1.0&amp;layer=Metadata_Tiles&amp;format=image/png&amp;STYLE=inspire_com:DEFAULT"/>
						</LegendURL>
					</Style>
					<MinScaleDenominator>100</MinScaleDenominator>
					<MaxScaleDenominator>150500</MaxScaleDenominator>
				</Layer>
				<Layer queryable="0" opaque="0" cascaded="0">
					<Name>Metadata-dissolve</Name>
					<Title>Metadata-dissolve</Title>
					<CRS>EPSG:31287</CRS>
					<CRS>EPSG:4326</CRS>
					<CRS>EPSG:3857</CRS>
					<CRS>EPSG:900913</CRS>
					<EX_GeographicBoundingBox>
						<westBoundLongitude>9.35647</westBoundLongitude>
						<eastBoundLongitude>17.3085</eastBoundLongitude>
						<southBoundLatitude>46.0867</southBoundLatitude>
						<northBoundLatitude>49.2085</northBoundLatitude>
					</EX_GeographicBoundingBox>
					<BoundingBox CRS="EPSG:31287" minx="110000" miny="250000" maxx="690000" maxy="590000"/>
					<Style>
						<Name>inspire_com:DEFAULT</Name>
						<Title>inspire_com:DEFAULT</Title>
						<LegendURL width="86" height="25">
							<Format>image/png</Format>
							<OnlineResource xmlns:xlink="http://www.w3.org/1999/xlink" xlink:type="simple" xlink:href="http://wms.geoimage.at/dop-1mfree-beta101221?version=1.3.0&amp;service=WMS&amp;request=GetLegendGraphic&amp;sld_version=1.1.0&amp;layer=Metadata-dissolve&amp;format=image/png&amp;STYLE=inspire_com:DEFAULT"/>
						</LegendURL>
					</Style>
					<MinScaleDenominator>100</MinScaleDenominator>
					<MaxScaleDenominator>1e+007</MaxScaleDenominator>
				</Layer>
			</Layer>
		</Layer>
	</Capability>
</WMS_Capabilities>
