<?xml version="1.0" encoding="UTF-8"?>
<csw:Capabilities xmlns:csw="http://www.opengis.net/cat/csw/2.0.2" xmlns:inspire_ds="http://inspire.ec.europa.eu/schemas/inspire_ds/1.0" xmlns:inspire_com="http://inspire.ec.europa.eu/schemas/common/1.0" xmlns:gml="http://www.opengis.net/gml" xmlns:ows="http://www.opengis.net/ows" xmlns:ogc="http://www.opengis.net/ogc" xmlns:xlink="http://www.w3.org/1999/xlink" xmlns:xsi="http://www.w3.org/2001/XMLSchema-instance" version="2.0.2" xsi:schemaLocation="http://www.opengis.net/cat/csw/2.0.2 http://schemas.opengis.net/csw/2.0.2/CSW-discovery.xsd http://inspire.ec.europa.eu/schemas/inspire_ds/1.0 http://inspire.ec.europa.eu/schemas/inspire_ds/1.0/inspire_ds.xsd">
	<!--
18-FEB-2011 Changed encoding for Language Elements in Network Services
31-JAN-2011 INSPIRE schema updated to 0.19 (Removed language dependent schema implementations)
14-JAN-2011 INSPIRE schema updated to 0.16. Removed unnecessary information.
20-DEC-2010 Restored inspire_com alias
16-DEC-2010 Switched to INSPIRE Schema
-->
	<ows:ServiceIdentification>
		<ows:Title>INSPIRE Geoportal Discovery Service</ows:Title>
		<ows:Abstract>The INSPIRE Geoportal Discovery Service provides access to metadata collected from the Member States</ows:Abstract>
		<ows:ServiceType>CSW</ows:ServiceType>
		<ows:ServiceTypeVersion>2.0.2</ows:ServiceTypeVersion>
		<ows:Fees>no conditions apply</ows:Fees>
		<ows:AccessConstraints>no limitations</ows:AccessConstraints>
	</ows:ServiceIdentification>
	<ows:ServiceProvider>
		<ows:ProviderName>European Commission, Joint Research Centre</ows:ProviderName>
		<ows:ProviderSite xlink:href="http://www.inspire-geoportal.eu"/>
		<ows:ServiceContact>
			<ows:IndividualName>Ioannis Kanellopoulos</ows:IndividualName>
			<ows:ContactInfo>
				<ows:Address>
					<ows:ElectronicMailAddress>ioannis.kanellopoulos@jrc.ec.europa.eu</ows:ElectronicMailAddress>
				</ows:Address>
			</ows:ContactInfo>
			<ows:Role>resourceProvider</ows:Role>
		</ows:ServiceContact>
	</ows:ServiceProvider>
	<ows:OperationsMetadata>
		<ows:Operation name="GetCapabilities">
			<ows:DCP>
				<ows:HTTP>
					<ows:Get xlink:href="http://www.inspire-geoportal.eu/discovery/csw"/>
					<ows:Post xlink:href="http://www.inspire-geoportal.eu/discovery/csw"/>
				</ows:HTTP>
			</ows:DCP>
			<ows:Parameter name="sections">
				<ows:Value>ServiceIdentification</ows:Value>
				<ows:Value>ServiceProvider</ows:Value>
				<ows:Value>OperationsMetadata</ows:Value>
				<ows:Value>Filter_Capabilities</ows:Value>
			</ows:Parameter>
			<ows:Constraint name="PostEncoding">
				<ows:Value>XML</ows:Value>
			</ows:Constraint>
		</ows:Operation>
		<ows:Operation name="DescribeRecord">
			<ows:DCP>
				<ows:HTTP>
					<ows:Get xlink:href="http://www.inspire-geoportal.eu/discovery/csw"/>
					<ows:Post xlink:href="http://www.inspire-geoportal.eu/discovery/csw">
						<ows:Constraint name="PostEncoding">
							<ows:Value>XML</ows:Value>
							<ows:Value>SOAP</ows:Value>
						</ows:Constraint>
					</ows:Post>
				</ows:HTTP>
			</ows:DCP>
			<ows:Parameter name="typeName">
				<ows:Value>csw:Record</ows:Value>
				<ows:Value>gmd:MD_Metadata</ows:Value>
			</ows:Parameter>
			<ows:Parameter name="outputFormat">
				<ows:Value>application/xml</ows:Value>
			</ows:Parameter>
			<ows:Parameter name="schemaLanguage">
				<ows:Value>http://www.w3.org/TR/xmlschema-1/</ows:Value>
			</ows:Parameter>
			<ows:Parameter name="typeName">
				<ows:Value>csw:Record</ows:Value>
				<ows:Value>gmd:MD_Metadata</ows:Value>
			</ows:Parameter>
			<ows:Parameter name="typeName">
				<ows:Value>csw:Record</ows:Value>
				<ows:Value>gmd:MD_Metadata</ows:Value>
			</ows:Parameter>
			<ows:Parameter name="typeName">
				<ows:Value>csw:Record</ows:Value>
				<ows:Value>gmd:MD_Metadata</ows:Value>
			</ows:Parameter>
			<ows:Constraint name="PostEncoding">
				<ows:Value>XML</ows:Value>
			</ows:Constraint>
		</ows:Operation>
		<ows:Operation name="GetDomain">
			<ows:DCP>
				<ows:HTTP>
					<ows:Get xlink:href="http://www.inspire-geoportal.eu/discovery/csw"/>
					<ows:Post xlink:href="http://www.inspire-geoportal.eu/discovery/csw"/>
				</ows:HTTP>
			</ows:DCP>
		</ows:Operation>
		<ows:Operation name="GetRecords">
			<ows:DCP>
				<ows:HTTP>
					<ows:Get xlink:href="http://www.inspire-geoportal.eu/discovery/csw"/>
					<ows:Post xlink:href="http://www.inspire-geoportal.eu/discovery/csw">
						<ows:Constraint name="PostEncoding">
							<ows:Value>XML</ows:Value>
							<ows:Value>SOAP</ows:Value>
						</ows:Constraint>
					</ows:Post>
				</ows:HTTP>
			</ows:DCP>
			<!-- FIXME : Gets it from enum or conf -->
			<ows:Parameter name="resultType">
				<ows:Value>hits</ows:Value>
				<ows:Value>results</ows:Value>
				<ows:Value>validate</ows:Value>
			</ows:Parameter>
			<ows:Parameter name="outputFormat">
				<ows:Value>application/xml</ows:Value>
			</ows:Parameter>
			<ows:Parameter name="outputSchema">
				<ows:Value>http://www.opengis.net/cat/csw/2.0.2</ows:Value>
				<ows:Value>http://www.isotc211.org/2005/gmd</ows:Value>
			</ows:Parameter>
			<ows:Parameter name="typeNames">
				<ows:Value>csw:Record</ows:Value>
				<ows:Value>gmd:MD_Metadata</ows:Value>
			</ows:Parameter>
			<ows:Parameter name="CONSTRAINTLANGUAGE">
				<ows:Value>FILTER</ows:Value>
				<ows:Value>CQL_TEXT</ows:Value>
			</ows:Parameter>
			<ows:Constraint name="PostEncoding">
				<ows:Value>XML</ows:Value>
			</ows:Constraint>
			<ows:Constraint name="SupportedISOQueryables">
				<ows:Value>Operation</ows:Value>
				<ows:Value>Format</ows:Value>
				<ows:Value>OrganisationName</ows:Value>
				<ows:Value>Type</ows:Value>
				<ows:Value>ServiceType</ows:Value>
				<ows:Value>DistanceValue</ows:Value>
				<ows:Value>ResourceLanguage</ows:Value>
				<ows:Value>RevisionDate</ows:Value>
				<ows:Value>OperatesOn</ows:Value>
				<ows:Value>GeographicDescriptionCode</ows:Value>
				<ows:Value>AnyText</ows:Value>
				<ows:Value>Modified</ows:Value>
				<ows:Value>PublicationDate</ows:Value>
				<ows:Value>ResourceIdentifier</ows:Value>
				<ows:Value>ParentIdentifier</ows:Value>
				<ows:Value>Identifier</ows:Value>
				<ows:Value>CouplingType</ows:Value>
				<ows:Value>TopicCategory</ows:Value>
				<ows:Value>OperatesOnIdentifier</ows:Value>
				<ows:Value>ServiceTypeVersion</ows:Value>
				<ows:Value>TempExtent_end</ows:Value>
				<ows:Value>Subject</ows:Value>
				<ows:Value>CreationDate</ows:Value>
				<ows:Value>OperatesOnName</ows:Value>
				<ows:Value>Title</ows:Value>
				<ows:Value>DistanceUOM</ows:Value>
				<ows:Value>Denominator</ows:Value>
				<ows:Value>AlternateTitle</ows:Value>
				<ows:Value>Language</ows:Value>
				<ows:Value>TempExtent_begin</ows:Value>
				<ows:Value>HasSecurityConstraints</ows:Value>
				<ows:Value>KeywordType</ows:Value>
				<ows:Value>Abstract</ows:Value>
			</ows:Constraint>
			<ows:Constraint name="AdditionalQueryables">
				<ows:Value>SpecificationDate</ows:Value>
				<ows:Value>ConditionApplyingToAccessAndUse</ows:Value>
				<ows:Value>AccessConstraints</ows:Value>
				<ows:Value>MetadataPointOfContact</ows:Value>
				<ows:Value>SpecificationDateType</ows:Value>
				<ows:Value>Classification</ows:Value>
				<ows:Value>OtherConstraints</ows:Value>
				<ows:Value>Degree</ows:Value>
				<ows:Value>Lineage</ows:Value>
				<ows:Value>SpecificationTitle</ows:Value>
			</ows:Constraint>
			<ows:Constraint name="SupportedISOQueryables">
				<ows:Value>Operation</ows:Value>
				<ows:Value>Format</ows:Value>
				<ows:Value>OrganisationName</ows:Value>
				<ows:Value>Type</ows:Value>
				<ows:Value>ServiceType</ows:Value>
				<ows:Value>DistanceValue</ows:Value>
				<ows:Value>ResourceLanguage</ows:Value>
				<ows:Value>RevisionDate</ows:Value>
				<ows:Value>OperatesOn</ows:Value>
				<ows:Value>GeographicDescriptionCode</ows:Value>
				<ows:Value>AnyText</ows:Value>
				<ows:Value>Modified</ows:Value>
				<ows:Value>PublicationDate</ows:Value>
				<ows:Value>ResourceIdentifier</ows:Value>
				<ows:Value>ParentIdentifier</ows:Value>
				<ows:Value>Identifier</ows:Value>
				<ows:Value>CouplingType</ows:Value>
				<ows:Value>TopicCategory</ows:Value>
				<ows:Value>OperatesOnIdentifier</ows:Value>
				<ows:Value>ServiceTypeVersion</ows:Value>
				<ows:Value>TempExtent_end</ows:Value>
				<ows:Value>Subject</ows:Value>
				<ows:Value>CreationDate</ows:Value>
				<ows:Value>OperatesOnName</ows:Value>
				<ows:Value>Title</ows:Value>
				<ows:Value>DistanceUOM</ows:Value>
				<ows:Value>Denominator</ows:Value>
				<ows:Value>AlternateTitle</ows:Value>
				<ows:Value>Language</ows:Value>
				<ows:Value>TempExtent_begin</ows:Value>
				<ows:Value>HasSecurityConstraints</ows:Value>
				<ows:Value>KeywordType</ows:Value>
				<ows:Value>Abstract</ows:Value>
			</ows:Constraint>
			<ows:Constraint name="AdditionalQueryables">
				<ows:Value>SpecificationDate</ows:Value>
				<ows:Value>ConditionApplyingToAccessAndUse</ows:Value>
				<ows:Value>AccessConstraints</ows:Value>
				<ows:Value>MetadataPointOfContact</ows:Value>
				<ows:Value>SpecificationDateType</ows:Value>
				<ows:Value>Classification</ows:Value>
				<ows:Value>OtherConstraints</ows:Value>
				<ows:Value>Degree</ows:Value>
				<ows:Value>Lineage</ows:Value>
				<ows:Value>SpecificationTitle</ows:Value>
			</ows:Constraint>
			<ows:Constraint name="SupportedISOQueryables">
				<ows:Value>Operation</ows:Value>
				<ows:Value>Format</ows:Value>
				<ows:Value>OrganisationName</ows:Value>
				<ows:Value>Type</ows:Value>
				<ows:Value>ServiceType</ows:Value>
				<ows:Value>DistanceValue</ows:Value>
				<ows:Value>ResourceLanguage</ows:Value>
				<ows:Value>RevisionDate</ows:Value>
				<ows:Value>OperatesOn</ows:Value>
				<ows:Value>GeographicDescriptionCode</ows:Value>
				<ows:Value>AnyText</ows:Value>
				<ows:Value>Modified</ows:Value>
				<ows:Value>PublicationDate</ows:Value>
				<ows:Value>ResourceIdentifier</ows:Value>
				<ows:Value>ParentIdentifier</ows:Value>
				<ows:Value>Identifier</ows:Value>
				<ows:Value>CouplingType</ows:Value>
				<ows:Value>TopicCategory</ows:Value>
				<ows:Value>OperatesOnIdentifier</ows:Value>
				<ows:Value>ServiceTypeVersion</ows:Value>
				<ows:Value>TempExtent_end</ows:Value>
				<ows:Value>Subject</ows:Value>
				<ows:Value>CreationDate</ows:Value>
				<ows:Value>OperatesOnName</ows:Value>
				<ows:Value>Title</ows:Value>
				<ows:Value>DistanceUOM</ows:Value>
				<ows:Value>Denominator</ows:Value>
				<ows:Value>AlternateTitle</ows:Value>
				<ows:Value>Language</ows:Value>
				<ows:Value>TempExtent_begin</ows:Value>
				<ows:Value>HasSecurityConstraints</ows:Value>
				<ows:Value>KeywordType</ows:Value>
				<ows:Value>Abstract</ows:Value>
			</ows:Constraint>
			<ows:Constraint name="AdditionalQueryables">
				<ows:Value>SpecificationDate</ows:Value>
				<ows:Value>ConditionApplyingToAccessAndUse</ows:Value>
				<ows:Value>AccessConstraints</ows:Value>
				<ows:Value>MetadataPointOfContact</ows:Value>
				<ows:Value>SpecificationDateType</ows:Value>
				<ows:Value>Classification</ows:Value>
				<ows:Value>OtherConstraints</ows:Value>
				<ows:Value>Degree</ows:Value>
				<ows:Value>Lineage</ows:Value>
				<ows:Value>SpecificationTitle</ows:Value>
			</ows:Constraint>
		</ows:Operation>
		<ows:Operation name="GetRecordById">
			<ows:DCP>
				<ows:HTTP>
					<ows:Get xlink:href="http://www.inspire-geoportal.eu/discovery/csw"/>
					<ows:Post xlink:href="http://www.inspire-geoportal.eu/discovery/csw">
						<ows:Constraint name="PostEncoding">
							<ows:Value>XML</ows:Value>
							<ows:Value>SOAP</ows:Value>
						</ows:Constraint>
					</ows:Post>
				</ows:HTTP>
			</ows:DCP>
			<ows:Parameter name="outputSchema">
				<ows:Value>http://www.opengis.net/cat/csw/2.0.2</ows:Value>
				<ows:Value>http://www.isotc211.org/2005/gmd</ows:Value>
			</ows:Parameter>
			<ows:Parameter name="outputFormat">
				<ows:Value>application/xml</ows:Value>
			</ows:Parameter>
			<ows:Parameter name="resultType">
				<ows:Value>hits</ows:Value>
				<ows:Value>results</ows:Value>
				<ows:Value>validate</ows:Value>
			</ows:Parameter>
			<ows:Parameter name="ElementSetName">
				<ows:Value>brief</ows:Value>
				<ows:Value>summary</ows:Value>
				<ows:Value>full</ows:Value>
			</ows:Parameter>
			<ows:Constraint name="PostEncoding">
				<ows:Value>XML</ows:Value>
			</ows:Constraint>
		</ows:Operation>
		<ows:Operation name="Transaction">
			<ows:DCP>
				<ows:HTTP>
					<ows:Get xlink:href="http://www.inspire-geoportal.eu/discovery/csw"/>
					<ows:Post xlink:href="http://www.inspire-geoportal.eu/discovery/csw"/>
				</ows:HTTP>
			</ows:DCP>
		</ows:Operation>
		<ows:Parameter name="service">
			<ows:Value>http://www.opengis.net/cat/csw/2.0.2</ows:Value>
		</ows:Parameter>
		<ows:Parameter name="version">
			<ows:Value>2.0.2</ows:Value>
		</ows:Parameter>
		<ows:Constraint name="IsoProfiles">
			<ows:Value>http://www.isotc211.org/2005/gmd</ows:Value>
		</ows:Constraint>
		<ows:Constraint name="PostEncoding">
			<ows:Value>SOAP</ows:Value>
		</ows:Constraint>
		<inspire_ds:ExtendedCapabilities>
			<inspire_com:ResourceLocator>
				<inspire_com:URL>http://www.inspire-geoportal.eu/discovery/csw?SERVICE=CSW&amp;REQUEST=GetCapabilities</inspire_com:URL>
				<inspire_com:MediaType>application/vnd.ogc.wms_xml</inspire_com:MediaType>
			</inspire_com:ResourceLocator>
			<inspire_com:ResourceLocator>
				<inspire_com:URL>http://vap-xgeodev.jrc.it:8080/geonetwork</inspire_com:URL>
				<inspire_com:MediaType>text/html</inspire_com:MediaType>
			</inspire_com:ResourceLocator>
			<inspire_com:ResourceType>service</inspire_com:ResourceType>
			<inspire_com:TemporalReference>
				<inspire_com:TemporalExtent>
					<inspire_com:IntervalOfDates>
						<inspire_com:StartingDate>2010-07-01T00:00:00</inspire_com:StartingDate>
						<inspire_com:EndDate>2011-07-01T00:00:00</inspire_com:EndDate>
					</inspire_com:IntervalOfDates>
				</inspire_com:TemporalExtent>
			</inspire_com:TemporalReference>
			<inspire_com:Conformity>
				<inspire_com:Specification xsi:type="inspire_com:citationInspireNSRegulation_eng">
					<inspire_com:Title>Commission Regulation (EC) No 976/2009 of 19 October 2009 implementing Directive 2007/2/EC of the European Parliament and of the Council as regards the Network Services</inspire_com:Title>
					<inspire_com:DateOfPublication>2009-10-19</inspire_com:DateOfPublication>
					<inspire_com:URI>CELEX:32009R0976:EN:NOT</inspire_com:URI>
					<inspire_com:ResourceLocator>
						<inspire_com:URL>http://eur-lex.europa.eu/LexUriServ/LexUriServ.do?uri=CELEX:32009R0976:EN:NOT</inspire_com:URL>
						<inspire_com:MediaType>text/html</inspire_com:MediaType>
					</inspire_com:ResourceLocator>
				</inspire_com:Specification>
				<inspire_com:Degree>notEvaluated</inspire_com:Degree>
			</inspire_com:Conformity>
			<inspire_com:Conformity>
				<inspire_com:Specification xsi:type="inspire_com:citationInspireMDRegulation_eng">
					<inspire_com:Title>Commission Regulation (EC) No 1205/2008 of 3 December 2008 implementing Directive 2007/2/EC of the European Parliament and of the Council as regards metadata (Text with EEA relevance)</inspire_com:Title>
					<inspire_com:DateOfPublication>2008-12-03</inspire_com:DateOfPublication>
					<inspire_com:URI>CELEX:32008R1205:EN:NOT</inspire_com:URI>
					<inspire_com:ResourceLocator>
						<inspire_com:URL>http://eur-lex.europa.eu/LexUriServ/LexUriServ.do?uri=CELEX:32008R1205:EN:NOT</inspire_com:URL>
						<inspire_com:MediaType>text/html</inspire_com:MediaType>
					</inspire_com:ResourceLocator>
				</inspire_com:Specification>
				<inspire_com:Degree>notEvaluated</inspire_com:Degree>
			</inspire_com:Conformity>
			<inspire_com:MetadataPointOfContact>
				<inspire_com:OrganisationName>European Commission, Joint Research Centre</inspire_com:OrganisationName>
				<inspire_com:EmailAddress>ioannis.kanellopoulos@jrc.ec.europa.eu</inspire_com:EmailAddress>
			</inspire_com:MetadataPointOfContact>
			<inspire_com:MetadataDate>2010-07-15</inspire_com:MetadataDate>
			<inspire_com:SpatialDataServiceType>discovery</inspire_com:SpatialDataServiceType>
			<inspire_com:MandatoryKeyword xsi:type="inspire_com:classificationOfSpatialDataService">
				<inspire_com:KeywordValue>humanCatalogueViewer</inspire_com:KeywordValue>
			</inspire_com:MandatoryKeyword>
			<inspire_com:Keyword xsi:type="inspire_com:inspireTheme_eng">
				<inspire_com:OriginatingControlledVocabulary>
					<inspire_com:Title>GEMET - INSPIRE themes</inspire_com:Title>
					<inspire_com:DateOfPublication>2008-06-01</inspire_com:DateOfPublication>
				</inspire_com:OriginatingControlledVocabulary>
				<inspire_com:KeywordValue>Orthoimagery</inspire_com:KeywordValue>
			</inspire_com:Keyword>
			<inspire_com:SupportedLanguages>
				<inspire_com:DefaultLanguage>
					<inspire_com:Language>bul</inspire_com:Language>
				</inspire_com:DefaultLanguage>
				<inspire_com:SupportedLanguage>
					<inspire_com:Language>bul</inspire_com:Language>
				</inspire_com:SupportedLanguage>
			</inspire_com:SupportedLanguages>
			<inspire_com:ResponseLanguage>
				<inspire_com:Language>bul</inspire_com:Language>
			</inspire_com:ResponseLanguage>
			<!--For documentation only since MetadataUrl is an optional element-->
			<inspire_com:MetadataUrl>
				<inspire_com:URL>http://www.inspire-geoportal.eu/discovery/csw?Service=CSW&amp;Request=GetRecordById&amp;Version=2.0.2&amp;id=jrc_geoportal_ds_vap-xgeodev&amp;outputSchema=http://www.isotc211.org/2005/gmd&amp;elementSetName=full</inspire_com:URL>
				<inspire_com:MediaType>application/vnd.ogc.csw_xml</inspire_com:MediaType>
			</inspire_com:MetadataUrl>
		</inspire_ds:ExtendedCapabilities>
	</ows:OperationsMetadata>
	<ogc:Filter_Capabilities>
		<ogc:Spatial_Capabilities>
			<ogc:GeometryOperands>
				<ogc:GeometryOperand>gml:Envelope</ogc:GeometryOperand>
				<ogc:GeometryOperand>gml:Point</ogc:GeometryOperand>
				<ogc:GeometryOperand>gml:LineString</ogc:GeometryOperand>
				<ogc:GeometryOperand>gml:Polygon</ogc:GeometryOperand>
			</ogc:GeometryOperands>
			<ogc:SpatialOperators>
				<ogc:SpatialOperator name="BBOX"/>
				<ogc:SpatialOperator name="Equals"/>
				<ogc:SpatialOperator name="Overlaps"/>
				<ogc:SpatialOperator name="Disjoint"/>
				<ogc:SpatialOperator name="Intersects"/>
				<ogc:SpatialOperator name="Touches"/>
				<ogc:SpatialOperator name="Crosses"/>
				<ogc:SpatialOperator name="Within"/>
				<ogc:SpatialOperator name="Contains"/>
				<!--
                <ogc:SpatialOperator name="Beyond"/>
                <ogc:SpatialOperator name="DWithin"/>
                 The 'SpatialOperator' element can have a GeometryOperands child -->
			</ogc:SpatialOperators>
		</ogc:Spatial_Capabilities>
		<ogc:Scalar_Capabilities>
			<ogc:LogicalOperators/>
			<ogc:ComparisonOperators>
				<ogc:ComparisonOperator>EqualTo</ogc:ComparisonOperator>
				<ogc:ComparisonOperator>Like</ogc:ComparisonOperator>
				<ogc:ComparisonOperator>LessThan</ogc:ComparisonOperator>
				<ogc:ComparisonOperator>GreaterThan</ogc:ComparisonOperator>
				<ogc:ComparisonOperator>LessThanEqualTo</ogc:ComparisonOperator>
				<ogc:ComparisonOperator>GreaterThanEqualTo</ogc:ComparisonOperator>
				<ogc:ComparisonOperator>NotEqualTo</ogc:ComparisonOperator>
				<ogc:ComparisonOperator>Between</ogc:ComparisonOperator>
				<ogc:ComparisonOperator>NullCheck</ogc:ComparisonOperator>
				<!-- FIXME : Check NullCheck operation is available -->
			</ogc:ComparisonOperators>
		</ogc:Scalar_Capabilities>
		<ogc:Id_Capabilities>
			<ogc:EID/>
			<ogc:FID/>
		</ogc:Id_Capabilities>
	</ogc:Filter_Capabilities>
</csw:Capabilities>