<?xml version="1.0" encoding="UTF-8"?>
<inspire_com:Resource xmlns:inspire_com="http://inspire.ec.europa.eu/schemas/common/1.0" xmlns:xsi="http://www.w3.org/2001/XMLSchema-instance" xsi:schemaLocation="http://inspire.ec.europa.eu/schemas/common/1.0 http://inspire.ec.europa.eu/schemas/geoportal/1.0/geoportal.xsd">
	<inspire_com:ViewService>
		<inspire_com:ResourceTitle>Geoimage_1m</inspire_com:ResourceTitle>
		<inspire_com:ResourceAbstract>This service provides starting from October 2010 middle resolution orthoimagery of Austria and is intended to support open Data communities such as openstreetmap.org in creating new or enhancing free spatial data. This service is provided for the time being, there is no guarantee for long-term availability.</inspire_com:ResourceAbstract>
		<inspire_com:ResourceType>service</inspire_com:ResourceType>
		<inspire_com:ResourceLocator>
			<ins_com:URL xmlns="http://www.opengis.net/wms" xmlns:sld="http://www.opengis.net/sld" xmlns:ms="http://mapserver.gis.umn.edu/mapserver" xmlns:ins_com="http://inspire.ec.europa.eu/schemas/common/1.0" xmlns:ins_vs="http://inspire.ec.europa.eu/schemas/inspire_vs/1.0">http://www.geoimage.at</ins_com:URL>
			<ins_com:MediaType xmlns="http://www.opengis.net/wms" xmlns:sld="http://www.opengis.net/sld" xmlns:ms="http://mapserver.gis.umn.edu/mapserver" xmlns:ins_com="http://inspire.ec.europa.eu/schemas/common/1.0" xmlns:ins_vs="http://inspire.ec.europa.eu/schemas/inspire_vs/1.0">text/html</ins_com:MediaType>
		</inspire_com:ResourceLocator>
		<inspire_com:ResourceLocator>
			<ins_com:URL xmlns="http://www.opengis.net/wms" xmlns:sld="http://www.opengis.net/sld" xmlns:ms="http://mapserver.gis.umn.edu/mapserver" xmlns:ins_com="http://inspire.ec.europa.eu/schemas/common/1.0" xmlns:ins_vs="http://inspire.ec.europa.eu/schemas/inspire_vs/1.0">http://gis.lebensministerium.at/dop-1mfree-beta110223%5C?SERVICE=WMS&amp;VERSION=1.3.0&amp;REQUEST=GetCapabilities</ins_com:URL>
			<ins_com:MediaType xmlns="http://www.opengis.net/wms" xmlns:sld="http://www.opengis.net/sld" xmlns:ms="http://mapserver.gis.umn.edu/mapserver" xmlns:ins_com="http://inspire.ec.europa.eu/schemas/common/1.0" xmlns:ins_vs="http://inspire.ec.europa.eu/schemas/inspire_vs/1.0">application/vnd.ogc.csw.capabilities.response_xml</ins_com:MediaType>
		</inspire_com:ResourceLocator>
		<inspire_com:ResourceLocator>
			<inspire_com:URL>http://wms.geoimage.at/dop-1mfree-beta110223?</inspire_com:URL>
		</inspire_com:ResourceLocator>
		<inspire_com:MandatoryKeyword>
			<ins_com:KeywordValue xmlns="http://www.opengis.net/wms" xmlns:sld="http://www.opengis.net/sld" xmlns:ms="http://mapserver.gis.umn.edu/mapserver" xmlns:ins_com="http://inspire.ec.europa.eu/schemas/common/1.0" xmlns:ins_vs="http://inspire.ec.europa.eu/schemas/inspire_vs/1.0">humanGeographicViewer</ins_com:KeywordValue>
		</inspire_com:MandatoryKeyword>
		<inspire_com:MandatoryKeyword>
			<ins_com:KeywordValue xmlns="http://www.opengis.net/wms" xmlns:sld="http://www.opengis.net/sld" xmlns:ms="http://mapserver.gis.umn.edu/mapserver" xmlns:ins_com="http://inspire.ec.europa.eu/schemas/common/1.0" xmlns:ins_vs="http://inspire.ec.europa.eu/schemas/inspire_vs/1.0">infoMapAccessService</ins_com:KeywordValue>
		</inspire_com:MandatoryKeyword>
		<inspire_com:Keyword xsi:type="inspire_com:inspireTheme_eng">
			<ins_com:OriginatingControlledVocabulary xmlns="http://www.opengis.net/wms" xmlns:sld="http://www.opengis.net/sld" xmlns:ms="http://mapserver.gis.umn.edu/mapserver" xmlns:ins_com="http://inspire.ec.europa.eu/schemas/common/1.0" xmlns:ins_vs="http://inspire.ec.europa.eu/schemas/inspire_vs/1.0">
				<ins_com:Title>GEMET - INSPIRE themes</ins_com:Title>
				<ins_com:DateOfPublication>2008-06-01</ins_com:DateOfPublication>
			</ins_com:OriginatingControlledVocabulary>
			<ins_com:KeywordValue xmlns="http://www.opengis.net/wms" xmlns:sld="http://www.opengis.net/sld" xmlns:ms="http://mapserver.gis.umn.edu/mapserver" xmlns:ins_com="http://inspire.ec.europa.eu/schemas/common/1.0" xmlns:ins_vs="http://inspire.ec.europa.eu/schemas/inspire_vs/1.0">Orthoimagery</ins_com:KeywordValue>
		</inspire_com:Keyword>
		<inspire_com:TemporalReference>
			<ins_com:DateOfCreation xmlns:ins_com="http://inspire.ec.europa.eu/schemas/common/1.0">2011-02-23</ins_com:DateOfCreation>
			<ins_com:DateOfLastRevision xmlns:ins_com="http://inspire.ec.europa.eu/schemas/common/1.0">2011-02-23</ins_com:DateOfLastRevision>
			<ins_com:DateOfPublication xmlns:ins_com="http://inspire.ec.europa.eu/schemas/common/1.0">2011-02-23</ins_com:DateOfPublication>
		</inspire_com:TemporalReference>
		<inspire_com:Conformity>
			<ins_com:Specification xmlns="http://www.opengis.net/wms" xmlns:sld="http://www.opengis.net/sld" xmlns:ms="http://mapserver.gis.umn.edu/mapserver" xmlns:ins_com="http://inspire.ec.europa.eu/schemas/common/1.0" xmlns:ins_vs="http://inspire.ec.europa.eu/schemas/inspire_vs/1.0" xsi:type="ins_com:citationInspireNSRegulation_eng">
				<ins_com:Title>Commission Regulation (EC) No 976/2009 of 19 October 2009 implementing Directive 2007/2/EC of the European Parliament and of the Council as regards the Network Services</ins_com:Title>
				<ins_com:DateOfPublication>2009-10-19</ins_com:DateOfPublication>
				<ins_com:URI>CELEX:32009R0976:EN:NOT</ins_com:URI>
				<ins_com:ResourceLocator>
					<ins_com:URL>http://eur-lex.europa.eu/LexUriServ/LexUriServ.do?uri=CELEX:32009R0976:EN:NOT</ins_com:URL>
					<ins_com:MediaType>text/html</ins_com:MediaType>
				</ins_com:ResourceLocator>
			</ins_com:Specification>
			<ins_com:Degree xmlns="http://www.opengis.net/wms" xmlns:sld="http://www.opengis.net/sld" xmlns:ms="http://mapserver.gis.umn.edu/mapserver" xmlns:ins_com="http://inspire.ec.europa.eu/schemas/common/1.0" xmlns:ins_vs="http://inspire.ec.europa.eu/schemas/inspire_vs/1.0">notEvaluated</ins_com:Degree>
		</inspire_com:Conformity>
		<inspire_com:Conformity>
			<ins_com:Specification xmlns="http://www.opengis.net/wms" xmlns:sld="http://www.opengis.net/sld" xmlns:ms="http://mapserver.gis.umn.edu/mapserver" xmlns:ins_com="http://inspire.ec.europa.eu/schemas/common/1.0" xmlns:ins_vs="http://inspire.ec.europa.eu/schemas/inspire_vs/1.0" xsi:type="ins_com:citationInspireMDRegulation_eng">
				<ins_com:Title>Commission Regulation (EC) No 1205/2008 of 3 December 2008 implementing Directive 2007/2/EC of the European Parliament and of the Council as regards metadata (Text with EEA relevance)</ins_com:Title>
				<ins_com:DateOfPublication>2008-12-03</ins_com:DateOfPublication>
				<ins_com:URI>CELEX:32008R1205:EN:NOT</ins_com:URI>
				<ins_com:ResourceLocator>
					<ins_com:URL>http://eur-lex.europa.eu/LexUriServ/LexUriServ.do?uri=CELEX:32008R1205:EN:NOT</ins_com:URL>
					<ins_com:MediaType>text/html</ins_com:MediaType>
				</ins_com:ResourceLocator>
			</ins_com:Specification>
			<ins_com:Degree xmlns="http://www.opengis.net/wms" xmlns:sld="http://www.opengis.net/sld" xmlns:ms="http://mapserver.gis.umn.edu/mapserver" xmlns:ins_com="http://inspire.ec.europa.eu/schemas/common/1.0" xmlns:ins_vs="http://inspire.ec.europa.eu/schemas/inspire_vs/1.0">notEvaluated</ins_com:Degree>
		</inspire_com:Conformity>
		<inspire_com:Conformity>
			<ins_com:Specification xmlns="http://www.opengis.net/wms" xmlns:sld="http://www.opengis.net/sld" xmlns:ms="http://mapserver.gis.umn.edu/mapserver" xmlns:ins_com="http://inspire.ec.europa.eu/schemas/common/1.0" xmlns:ins_vs="http://inspire.ec.europa.eu/schemas/inspire_vs/1.0" xsi:type="ins_com:citationInspireDirective_eng">
				<ins_com:Title>Directive 2007/2/EC of the European Parliament and of the Council of 14 March 2007 establishing an Infrastructure for Spatial Information in the European Community (INSPIRE)</ins_com:Title>
				<ins_com:DateOfPublication>2007-04-25</ins_com:DateOfPublication>
				<ins_com:URI>OJ:L:2007:108:SOM:EN:HTML</ins_com:URI>
				<ins_com:ResourceLocator>
					<ins_com:URL>http://eur-lex.europa.eu/JOHtml.do?uri=OJ:L:2007:108:SOM:EN:HTML</ins_com:URL>
					<ins_com:MediaType>text/html</ins_com:MediaType>
				</ins_com:ResourceLocator>
			</ins_com:Specification>
			<ins_com:Degree xmlns="http://www.opengis.net/wms" xmlns:sld="http://www.opengis.net/sld" xmlns:ms="http://mapserver.gis.umn.edu/mapserver" xmlns:ins_com="http://inspire.ec.europa.eu/schemas/common/1.0" xmlns:ins_vs="http://inspire.ec.europa.eu/schemas/inspire_vs/1.0">notEvaluated</ins_com:Degree>
		</inspire_com:Conformity>
		<inspire_com:ConditionsForAccessAndUse>no conditions apply</inspire_com:ConditionsForAccessAndUse>
		<inspire_com:LimitationsOnPublicAccess>The content of this service is copyright by GEOIMAGE-AUSTRIA(R) and protected by law. This WMS can be used by anybody for private, governmental and non-profit purposes. Use for Commercial purposes is NOT allowed, however secondary products (created on basis of this service) are not subject to this non-commercial restriction as long as these secondary products are made freely available e.g. under the Creative Commons Attribution-ShareAlike 2.0 (CC-BY-SA) license. Systematic mass caching of data (to create a local copy of the dataset) is NOT allowed - onlineuse (GetMap, GetCapabilities) only. Cascading of this service is NOT allowed. Availability and/or performance of this service is NOT guaranteed. Data and data quality are NOT subject to any warranty. This service is provided for the time being, there is no guarantee for long-term availability. If you want to access our HIGH-RESOLUTION WMS without watermarks or intend commercial use, please contact office@geoimage.at or visit our website http://www.geoimage.at.</inspire_com:LimitationsOnPublicAccess>
		<inspire_com:ResponsibleOrganisation>
			<inspire_com:ResponsibleParty>
				<inspire_com:OrganisationName>http://www.geoimage.at</inspire_com:OrganisationName>
				<inspire_com:EmailAddress>office@geoimage.at</inspire_com:EmailAddress>
			</inspire_com:ResponsibleParty>
			<inspire_com:ResponsiblePartyRole>custodian</inspire_com:ResponsiblePartyRole>
		</inspire_com:ResponsibleOrganisation>
		<inspire_com:MetadataPointOfContact>
			<ins_com:OrganisationName xmlns="http://www.opengis.net/wms" xmlns:sld="http://www.opengis.net/sld" xmlns:ms="http://mapserver.gis.umn.edu/mapserver" xmlns:ins_com="http://inspire.ec.europa.eu/schemas/common/1.0" xmlns:ins_vs="http://inspire.ec.europa.eu/schemas/inspire_vs/1.0">www.geoimage.at</ins_com:OrganisationName>
			<ins_com:EmailAddress xmlns="http://www.opengis.net/wms" xmlns:sld="http://www.opengis.net/sld" xmlns:ms="http://mapserver.gis.umn.edu/mapserver" xmlns:ins_com="http://inspire.ec.europa.eu/schemas/common/1.0" xmlns:ins_vs="http://inspire.ec.europa.eu/schemas/inspire_vs/1.0">office@geoimage.at</ins_com:EmailAddress>
		</inspire_com:MetadataPointOfContact>
		<inspire_com:MetadataDate>2011-02-23</inspire_com:MetadataDate>
		<inspire_com:MetadataLanguage>eng</inspire_com:MetadataLanguage>
		<inspire_com:SpatialDataServiceType>view</inspire_com:SpatialDataServiceType>
		<inspire_com:Layers>
			<inspire_com:Layer layerName="">
				<inspire_com:Name>ss</inspire_com:Name>
				<inspire_com:ResourceTitle>s</inspire_com:ResourceTitle>
				<inspire_com:ResourceAbstract>s</inspire_com:ResourceAbstract>
				<inspire_com:Queryable>false</inspire_com:Queryable>
				<inspire_com:GeographicBoundingBox>
					<inspire_com:East>2.22</inspire_com:East>
					<inspire_com:West>2.22</inspire_com:West>
					<inspire_com:North>2.22</inspire_com:North>
					<inspire_com:South>2.22</inspire_com:South>
				</inspire_com:GeographicBoundingBox>
				<inspire_com:CRSList>
					<inspire_com:CRS>
						<inspire_com:CRSName>33</inspire_com:CRSName>
						<inspire_com:CRSLabel>33</inspire_com:CRSLabel>
					</inspire_com:CRS>
				</inspire_com:CRSList>
				<inspire_com:StyleList>
					<inspire_com:Style name="">
						<inspire_com:StyleName/>
						<inspire_com:StyleTitle/>
						<inspire_com:StyleAbstract/>
						<inspire_com:StyleFormat/>
						<inspire_com:StyleURL/>
						<inspire_com:LegendList>
							<inspire_com:Legend>
								<inspire_com:LegendFormat/>
								<inspire_com:LegendHeight>22</inspire_com:LegendHeight>
								<inspire_com:LegendWidth>22</inspire_com:LegendWidth>
								<inspire_com:LegendURL/>
							</inspire_com:Legend>
						</inspire_com:LegendList>
					</inspire_com:Style>
				</inspire_com:StyleList>
			</inspire_com:Layer>
		</inspire_com:Layers>
	</inspire_com:ViewService>
	<inspire_com:MetadataLocator>
		<inspire_com:URL>tt</inspire_com:URL>
	</inspire_com:MetadataLocator>
</inspire_com:Resource>
