<?xml version="1.0" encoding="UTF-8"?>
<!-- THE GEOPORTAL SCHEMA IS STILL A BETA VERSION
26-APR-2011 1.0.1 Conformity element:
                    Restricted allowed citations to "INSPIRE interoperability of spatial data sets and services", according to the MD regulation,
                    requirements for the conformity element (page 17 of the MD regulation).
                  Inspire Themes:
                    Removed leading blank for German, Bulgarian, Czech and Danish translations
17-MAR-2011 Changed alias inspire_com to inspire_common
-->
<inspire_geoportal:Resource xmlns:inspire_geoportal="http://inspire.ec.europa.eu/schemas/geoportal/1.0" xmlns:inspire_common="http://inspire.ec.europa.eu/schemas/common/1.0" xmlns:xsi="http://www.w3.org/2001/XMLSchema-instance" xsi:schemaLocation="http://inspire.ec.europa.eu/schemas/geoportal/1.0 ../geoportal.xsd">
	<inspire_common:ViewService>
		<inspire_common:ResourceTitle>Geoimage_1m</inspire_common:ResourceTitle>
		<inspire_common:ResourceAbstract>This service provides starting from October 2010 middle resolution orthoimagery of Austria and is intended to support open Data communities such as openstreetmap.org in creating new or enhancing free spatial data. This service is provided for the time being, there is no guarantee for long-term availability.</inspire_common:ResourceAbstract>
		<inspire_common:ResourceType>service</inspire_common:ResourceType>
		<inspire_common:ResourceLocator>
			<ins_com:URL xmlns="http://www.opengis.net/wms" xmlns:sld="http://www.opengis.net/sld" xmlns:ms="http://mapserver.gis.umn.edu/mapserver" xmlns:ins_com="http://inspire.ec.europa.eu/schemas/common/1.0" xmlns:ins_vs="http://inspire.ec.europa.eu/schemas/inspire_vs/1.0">http://www.geoimage.at</ins_com:URL>
			<ins_com:MediaType xmlns="http://www.opengis.net/wms" xmlns:sld="http://www.opengis.net/sld" xmlns:ms="http://mapserver.gis.umn.edu/mapserver" xmlns:ins_com="http://inspire.ec.europa.eu/schemas/common/1.0" xmlns:ins_vs="http://inspire.ec.europa.eu/schemas/inspire_vs/1.0">text/html</ins_com:MediaType>
		</inspire_common:ResourceLocator>
		<inspire_common:ResourceLocator>
			<ins_com:URL xmlns="http://www.opengis.net/wms" xmlns:sld="http://www.opengis.net/sld" xmlns:ms="http://mapserver.gis.umn.edu/mapserver" xmlns:ins_com="http://inspire.ec.europa.eu/schemas/common/1.0" xmlns:ins_vs="http://inspire.ec.europa.eu/schemas/inspire_vs/1.0">http://gis.lebensministerium.at/dop-1mfree-beta110223%5C?SERVICE=WMS&amp;VERSION=1.3.0&amp;REQUEST=GetCapabilities</ins_com:URL>
			<ins_com:MediaType xmlns="http://www.opengis.net/wms" xmlns:sld="http://www.opengis.net/sld" xmlns:ms="http://mapserver.gis.umn.edu/mapserver" xmlns:ins_com="http://inspire.ec.europa.eu/schemas/common/1.0" xmlns:ins_vs="http://inspire.ec.europa.eu/schemas/inspire_vs/1.0">application/vnd.ogc.csw.capabilities.response_xml</ins_com:MediaType>
		</inspire_common:ResourceLocator>
		<inspire_common:ResourceLocator>
			<inspire_common:URL>http://wms.geoimage.at/dop-1mfree-beta110223?</inspire_common:URL>
		</inspire_common:ResourceLocator>
		<inspire_common:MandatoryKeyword>
			<ins_com:KeywordValue xmlns="http://www.opengis.net/wms" xmlns:sld="http://www.opengis.net/sld" xmlns:ms="http://mapserver.gis.umn.edu/mapserver" xmlns:ins_com="http://inspire.ec.europa.eu/schemas/common/1.0" xmlns:ins_vs="http://inspire.ec.europa.eu/schemas/inspire_vs/1.0">humanGeographicViewer</ins_com:KeywordValue>
		</inspire_common:MandatoryKeyword>
		<inspire_common:MandatoryKeyword>
			<ins_com:KeywordValue xmlns="http://www.opengis.net/wms" xmlns:sld="http://www.opengis.net/sld" xmlns:ms="http://mapserver.gis.umn.edu/mapserver" xmlns:ins_com="http://inspire.ec.europa.eu/schemas/common/1.0" xmlns:ins_vs="http://inspire.ec.europa.eu/schemas/inspire_vs/1.0">infoMapAccessService</ins_com:KeywordValue>
		</inspire_common:MandatoryKeyword>
		<inspire_common:Keyword xsi:type="inspire_common:inspireTheme_eng">
			<ins_com:OriginatingControlledVocabulary xmlns="http://www.opengis.net/wms" xmlns:sld="http://www.opengis.net/sld" xmlns:ms="http://mapserver.gis.umn.edu/mapserver" xmlns:ins_com="http://inspire.ec.europa.eu/schemas/common/1.0" xmlns:ins_vs="http://inspire.ec.europa.eu/schemas/inspire_vs/1.0">
				<ins_com:Title>GEMET - INSPIRE themes</ins_com:Title>
				<ins_com:DateOfPublication>2008-06-01</ins_com:DateOfPublication>
			</ins_com:OriginatingControlledVocabulary>
			<ins_com:KeywordValue xmlns="http://www.opengis.net/wms" xmlns:sld="http://www.opengis.net/sld" xmlns:ms="http://mapserver.gis.umn.edu/mapserver" xmlns:ins_com="http://inspire.ec.europa.eu/schemas/common/1.0" xmlns:ins_vs="http://inspire.ec.europa.eu/schemas/inspire_vs/1.0">Orthoimagery</ins_com:KeywordValue>
		</inspire_common:Keyword>
		<inspire_common:TemporalReference>
			<ins_com:DateOfCreation xmlns:ins_com="http://inspire.ec.europa.eu/schemas/common/1.0">2011-02-23</ins_com:DateOfCreation>
			<ins_com:DateOfLastRevision xmlns:ins_com="http://inspire.ec.europa.eu/schemas/common/1.0">2011-02-23</ins_com:DateOfLastRevision>
			<ins_com:DateOfPublication xmlns:ins_com="http://inspire.ec.europa.eu/schemas/common/1.0">2011-02-23</ins_com:DateOfPublication>
		</inspire_common:TemporalReference>
		<inspire_common:Conformity>
			<inspire_common:Specification xsi:type="inspire_common:citationInspireInteroperabilityRegulation_eng">
			<inspire_common:Title>COMMISSION REGULATION (EU) No 1089/2010 of 23 November 2010 implementing Directive 2007/2/EC of the European Parliament and of the Council as regards interoperability of spatial data sets and services</inspire_common:Title>
			<inspire_common:DateOfPublication>2010-12-08</inspire_common:DateOfPublication>
			<inspire_common:URI>OJ:L:2010:323:0011:0102:EN:PDF</inspire_common:URI>
			<inspire_common:ResourceLocator>
				<inspire_common:URL>http://eur-lex.europa.eu/LexUriServ/LexUriServ.do?uri=OJ:L:2010:323:0011:0102:EN:PDF</inspire_common:URL>
				<inspire_common:MediaType>application/pdf</inspire_common:MediaType>
			</inspire_common:ResourceLocator>
			</inspire_common:Specification>
			<ins_com:Degree xmlns="http://www.opengis.net/wms" xmlns:sld="http://www.opengis.net/sld" xmlns:ms="http://mapserver.gis.umn.edu/mapserver" xmlns:ins_com="http://inspire.ec.europa.eu/schemas/common/1.0" xmlns:ins_vs="http://inspire.ec.europa.eu/schemas/inspire_vs/1.0">notEvaluated</ins_com:Degree>
		</inspire_common:Conformity>
		<inspire_common:ConditionsForAccessAndUse>no conditions apply</inspire_common:ConditionsForAccessAndUse>
		<inspire_common:LimitationsOnPublicAccess>The content of this service is copyright by GEOIMAGE-AUSTRIA(R) and protected by law. This WMS can be used by anybody for private, governmental and non-profit purposes. Use for Commercial purposes is NOT allowed, however secondary products (created on basis of this service) are not subject to this non-commercial restriction as long as these secondary products are made freely available e.g. under the Creative Commons Attribution-ShareAlike 2.0 (CC-BY-SA) license. Systematic mass caching of data (to create a local copy of the dataset) is NOT allowed - onlineuse (GetMap, GetCapabilities) only. Cascading of this service is NOT allowed. Availability and/or performance of this service is NOT guaranteed. Data and data quality are NOT subject to any warranty. This service is provided for the time being, there is no guarantee for long-term availability. If you want to access our HIGH-RESOLUTION WMS without watermarks or intend commercial use, please contact office@geoimage.at or visit our website http://www.geoimage.at.</inspire_common:LimitationsOnPublicAccess>
		<inspire_common:ResponsibleOrganisation>
			<inspire_common:ResponsibleParty>
				<inspire_common:OrganisationName>http://www.geoimage.at</inspire_common:OrganisationName>
				<inspire_common:EmailAddress>office@geoimage.at</inspire_common:EmailAddress>
			</inspire_common:ResponsibleParty>
			<inspire_common:ResponsiblePartyRole>custodian</inspire_common:ResponsiblePartyRole>
		</inspire_common:ResponsibleOrganisation>
		<inspire_common:MetadataPointOfContact>
			<ins_com:OrganisationName xmlns="http://www.opengis.net/wms" xmlns:sld="http://www.opengis.net/sld" xmlns:ms="http://mapserver.gis.umn.edu/mapserver" xmlns:ins_com="http://inspire.ec.europa.eu/schemas/common/1.0" xmlns:ins_vs="http://inspire.ec.europa.eu/schemas/inspire_vs/1.0">www.geoimage.at</ins_com:OrganisationName>
			<ins_com:EmailAddress xmlns="http://www.opengis.net/wms" xmlns:sld="http://www.opengis.net/sld" xmlns:ms="http://mapserver.gis.umn.edu/mapserver" xmlns:ins_com="http://inspire.ec.europa.eu/schemas/common/1.0" xmlns:ins_vs="http://inspire.ec.europa.eu/schemas/inspire_vs/1.0">office@geoimage.at</ins_com:EmailAddress>
		</inspire_common:MetadataPointOfContact>
		<inspire_common:MetadataDate>2011-02-23</inspire_common:MetadataDate>
		<inspire_common:MetadataLanguage>eng</inspire_common:MetadataLanguage>
		<inspire_common:SpatialDataServiceType>view</inspire_common:SpatialDataServiceType>
		<inspire_common:Layers>
			<inspire_common:Layer layerName="wwww">
				<inspire_common:Name>ss</inspire_common:Name>
				<inspire_common:ResourceTitle>s</inspire_common:ResourceTitle>
				<inspire_common:ResourceAbstract>s</inspire_common:ResourceAbstract>
				<inspire_common:GeographicBoundingBox>
					<inspire_common:East>2.22</inspire_common:East>
					<inspire_common:West>2.22</inspire_common:West>
					<inspire_common:North>2.22</inspire_common:North>
					<inspire_common:South>2.22</inspire_common:South>
				</inspire_common:GeographicBoundingBox>
				<inspire_common:UniqueResourceIdentifier>
					<inspire_common:Code>www</inspire_common:Code>
				</inspire_common:UniqueResourceIdentifier>
				<inspire_common:CoordinateReferenceSystems>
					<inspire_common:CRS>
						<inspire_common:CRSName></inspire_common:CRSName>
						<inspire_common:CRSLabel></inspire_common:CRSLabel>
					</inspire_common:CRS>
				</inspire_common:CoordinateReferenceSystems>
				<inspire_common:Styles>
					<inspire_common:Style name="">
						<inspire_common:StyleName></inspire_common:StyleName>
						<inspire_common:StyleTitle></inspire_common:StyleTitle>
						<inspire_common:StyleAbstract></inspire_common:StyleAbstract>
						<inspire_common:StyleFormat></inspire_common:StyleFormat>
						<inspire_common:StyleURL></inspire_common:StyleURL>
						<inspire_common:LegendList>
							<inspire_common:Legend>
								<inspire_common:LegendFormat></inspire_common:LegendFormat>
								<inspire_common:LegendHeight>100</inspire_common:LegendHeight>
								<inspire_common:LegendWidth>100</inspire_common:LegendWidth>
								<inspire_common:LegendURL></inspire_common:LegendURL>
							</inspire_common:Legend>
						</inspire_common:LegendList>
					</inspire_common:Style>
				</inspire_common:Styles>
			</inspire_common:Layer>
		</inspire_common:Layers>
	</inspire_common:ViewService>
	<inspire_geoportal:MetadataLocator>
		<inspire_common:URL>http://aa.bb</inspire_common:URL>
	</inspire_geoportal:MetadataLocator>
</inspire_geoportal:Resource>
