<?xml version="1.0" encoding="UTF-8"?>
<!--
26-APR-2011 1.0.1 Conformity element:
                    Restricted allowed citations to "INSPIRE interoperability of spatial data sets and services", according to the MD regulation,
                    requirements for the conformity element (page 17 of the MD regulation).
                  Inspire Themes:
                    Removed leading blank for German, Bulgarian, Czech and Danish translations
-->
<SpatialDataSetSeries xmlns="http://inspire.ec.europa.eu/schemas/common/1.0" xmlns:xsi="http://www.w3.org/2001/XMLSchema-instance" xsi:schemaLocation="https://inspire.ec.europa.eu/schemas/common/1.0 http://inspire.ec.europa.eu/schemas/common/1.0/common.xsd">
	<ResourceTitle>EDGAR V4.1 Activity Data</ResourceTitle>
	<ResourceAbstract>The Emissions Database for Global Atmospheric Research (EDGAR) provides global past and present day Human Activity Data classified following the EDGAR Source Categories classification</ResourceAbstract>
	<ResourceType>series</ResourceType>
	<ResourceLocator>
		<URL>http://edgar.jrc.ec.europa.eu/index.php</URL>
		<MediaType>text/html</MediaType>
	</ResourceLocator>
	<MandatoryKeyword xsi:type="inspireTheme_eng">
		<OriginatingControlledVocabulary>
			<Title>GEMET - INSPIRE themes</Title>
			<DateOfPublication>2008-06-01</DateOfPublication>
		</OriginatingControlledVocabulary>
		<KeywordValue>Energy resources</KeywordValue>
	</MandatoryKeyword>
	<Keyword>
		<KeywordValue>satellite imagery</KeywordValue>
	</Keyword>
	<GeographicBoundingBox>
		<East>180.00</East>
		<West>-180.00</West>
		<North>80.00</North>
		<South>-80.00</South>
	</GeographicBoundingBox>
	<TemporalReference>
		<TemporalExtent>
			<IntervalOfDates>
				<StartingDate>1970-01-01T00:00:00</StartingDate>
				<EndDate>2005-12-31T00:00:00</EndDate>
			</IntervalOfDates>
		</TemporalExtent>
	</TemporalReference>
	<TemporalReference>
		<DateOfCreation>2010-05-01</DateOfCreation>
	</TemporalReference>
	<TemporalReference>
		<DateOfPublication>2010-05-02</DateOfPublication>
	</TemporalReference>
	<TemporalReference>
		<DateOfLastRevision>2010-05-03</DateOfLastRevision>
	</TemporalReference>
	<SpatialResolution>
		<EquivalentScale>1</EquivalentScale>
	</SpatialResolution>
	<SpatialResolution>
		<ResolutionDistance>222</ResolutionDistance>
		<UnitOfMeasure>myuom</UnitOfMeasure>
	</SpatialResolution>
	<Conformity>
				<Specification xsi:type="citationInspireInteroperabilityRegulation_eng">
					<Title>COMMISSION REGULATION (EU) No 1089/2010 of 23 November 2010 implementing Directive 2007/2/EC of the European Parliament and of the Council as regards interoperability of spatial data sets and services</Title>
					<DateOfPublication>2010-12-08</DateOfPublication>
					<URI>OJ:L:2010:323:0011:0102:EN:PDF</URI>
					<ResourceLocator>
						<URL>http://eur-lex.europa.eu/LexUriServ/LexUriServ.do?uri=OJ:L:2010:323:0011:0102:EN:PDF</URL>
						<MediaType>application/pdf</MediaType>
					</ResourceLocator>
				</Specification>
		<Degree>notEvaluated</Degree>
	</Conformity>
	<Conformity>
		<Specification>
			<Title>spec2</Title>
			<DateOfCreation>2010-11-09</DateOfCreation>
		</Specification>
		<Degree>notConformant</Degree>
	</Conformity>
	<Conformity>
		<Specification>
			<Title>spec2</Title>
			<DateOfCreation>2010-11-09</DateOfCreation>
		</Specification>
		<Degree>conformant</Degree>
	</Conformity>
	<ConditionsForAccessAndUse>no conditions apply</ConditionsForAccessAndUse>
	<LimitationsOnPublicAccess>free access provided</LimitationsOnPublicAccess>
	<ResponsibleOrganisation>
		<ResponsibleParty>
			<OrganisationName>EC/JRC/IES</OrganisationName>
			<EmailAddress>greet.maenhout@jrc.ec.europa.eu</EmailAddress>
		</ResponsibleParty>
		<ResponsiblePartyRole>principalInvestigator</ResponsiblePartyRole>
	</ResponsibleOrganisation>
	<ResponsibleOrganisation>
		<ResponsibleParty>
			<OrganisationName>EC/JRC/IES</OrganisationName>
			<EmailAddress>greet.maenhout@jrc.ec.europa.eu</EmailAddress>
		</ResponsibleParty>
		<ResponsiblePartyRole>pointOfContact</ResponsiblePartyRole>
	</ResponsibleOrganisation>
	<MetadataPointOfContact>
		<OrganisationName>EC/JRC/IES</OrganisationName>
		<EmailAddress>valerio.pagliari@jrc.it</EmailAddress>
	</MetadataPointOfContact>
	<MetadataDate>2010-10-11</MetadataDate>
	<MetadataLanguage>eng</MetadataLanguage>
	<UniqueResourceIdentifier>
		<Code>edgar.jrc.ec.europa.eu</Code>
		<Namespace>http://edgar.jrc.ec.europa.eu</Namespace>
	</UniqueResourceIdentifier>
	<ResourceLanguage>eng</ResourceLanguage>
	<TopicCategory>environment</TopicCategory>
	<Lineage>IEA for Energy statistics
FAO for agricoltural data
</Lineage>
</SpatialDataSetSeries>