<?xml version="1.0" encoding="UTF-8"?>
<!--
26-APR-2011 1.0.1 Conformity element:
                    Restricted allowed citations to "INSPIRE interoperability of spatial data sets and services", according to the MD regulation,
                    requirements for the conformity element (page 17 of the MD regulation).
                  Inspire Themes:
                    Removed leading blank for German, Bulgarian, Czech and Danish translations
-->
<SpatialDataSet xmlns="http://inspire.ec.europa.eu/schemas/common/1.0" xmlns:xsi="http://www.w3.org/2001/XMLSchema-instance" xsi:schemaLocation="https://inspire.ec.europa.eu/schemas/common/1.0 file:///E:/schemas/inspire/common/1.0/common.xsd">
	<ResourceTitle>resourcetitle2</ResourceTitle>
	<ResourceAbstract>resourceabstract</ResourceAbstract>
	<ResourceType>dataset</ResourceType>
	<ResourceLocator>
		<URL>http://resourcelocator1.com</URL>
		<MediaType>text/html</MediaType>
	</ResourceLocator>
	<ResourceLocator>
		<URL>http://resourcelocator2.com</URL>
		<MediaType>text/html</MediaType>
	</ResourceLocator>
	<MandatoryKeyword xsi:type="inspireTheme_eng">
		<OriginatingControlledVocabulary>
			<Title>GEMET - INSPIRE themes</Title>
			<DateOfPublication>2008-06-01</DateOfPublication>
		</OriginatingControlledVocabulary>
		<KeywordValue>Addresses</KeywordValue>
	</MandatoryKeyword>
	<Keyword>
		<KeywordValue>satellite imagery</KeywordValue>
	</Keyword>
	<GeographicBoundingBox>
		<East>1.11</East>
		<West>-2.22</West>
		<North>3.33</North>
		<South>-4.44</South>
	</GeographicBoundingBox>
	<GeographicBoundingBox>
		<East>1.11</East>
		<West>-2.22</West>
		<North>3.33</North>
		<South>-4.44</South>
	</GeographicBoundingBox>
	<TemporalReference>
		<TemporalExtent>
			<IntervalOfDates>
				<StartingDate>2010-11-11T00:00:00</StartingDate>
				<EndDate>2010-11-19T00:00:00</EndDate>
			</IntervalOfDates>
		</TemporalExtent>
	</TemporalReference>
	<TemporalReference>
		<TemporalExtent>
			<IndividualDate>2010-11-19T00:00:00</IndividualDate>
		</TemporalExtent>
	</TemporalReference>
	<TemporalReference>
		<TemporalExtent>
			<IndividualDate>2010-11-19T10:20:30</IndividualDate>
		</TemporalExtent>
	</TemporalReference>
	<TemporalReference>
		<TemporalExtent>
			<IntervalOfDates>
				<StartingDate indeterminatePosition="before">2011</StartingDate>
				<EndDate>2011-11-19T00:00:00</EndDate>
			</IntervalOfDates>
		</TemporalExtent>
	</TemporalReference>
	<TemporalReference>
		<DateOfCreation>2000-11-22</DateOfCreation>
	</TemporalReference>
	<TemporalReference>
		<DateOfLastRevision>2010-11-19T10:20:30</DateOfLastRevision>
	</TemporalReference>
	<TemporalReference>
		<DateOfPublication>2020-11-19T00:00:00</DateOfPublication>
	</TemporalReference>
	<SpatialResolution>
		<EquivalentScale>10</EquivalentScale>
	</SpatialResolution>
	<SpatialResolution abstract="testabstractres2">
		<EquivalentScale>2</EquivalentScale>
	</SpatialResolution>
	<SpatialResolution abstract="testabstractres3">
		<ResolutionDistance>333</ResolutionDistance>
		<UnitOfMeasure>myuom</UnitOfMeasure>
	</SpatialResolution>
	<Conformity>
		<Specification xsi:type="citationInspireInteroperabilityRegulation_eng">
			<Title>COMMISSION REGULATION (EU) No 1089/2010 of 23 November 2010 implementing Directive 2007/2/EC of the European Parliament and of the Council as regards interoperability of spatial data sets and services</Title>
			<DateOfPublication>2010-12-08</DateOfPublication>
			<URI>OJ:L:2010:323:0011:0102:EN:PDF</URI>
			<ResourceLocator>
				<URL>http://eur-lex.europa.eu/LexUriServ/LexUriServ.do?uri=OJ:L:2010:323:0011:0102:EN:PDF</URL>
				<MediaType>application/pdf</MediaType>
			</ResourceLocator>
		</Specification>
		<Degree>notEvaluated</Degree>
	</Conformity>
	<ConditionsForAccessAndUse>no conditions apply</ConditionsForAccessAndUse>
	<LimitationsOnPublicAccess>copyright</LimitationsOnPublicAccess>
	<ResponsibleOrganisation>
		<ResponsibleParty>
			<OrganisationName>resppartyorgname1</OrganisationName>
			<EmailAddress>jrc1@jrc.it</EmailAddress>
		</ResponsibleParty>
		<ResponsiblePartyRole>pointOfContact</ResponsiblePartyRole>
	</ResponsibleOrganisation>
	<MetadataPointOfContact>
		<OrganisationName>MDPointOfContact1</OrganisationName>
		<EmailAddress>MDPointOfContac12@orgemail1.com</EmailAddress>
	</MetadataPointOfContact>
	<MetadataDate>2010-11-10</MetadataDate>
	<MetadataLanguage>eng</MetadataLanguage>
	<UniqueResourceIdentifier metadataURL="ciao">
		<Code>code1</Code>
		<Namespace>namespace1</Namespace>
	</UniqueResourceIdentifier>
	<UniqueResourceIdentifier>
		<Code>code2</Code>
		<Namespace>namespace2</Namespace>
	</UniqueResourceIdentifier>
	<ResourceLanguage>por</ResourceLanguage>
	<ResourceLanguage>ita</ResourceLanguage>
	<TopicCategory>biota</TopicCategory>
	<TopicCategory>inlandWaters</TopicCategory>
	<Lineage>lineage statement</Lineage>
</SpatialDataSet>
