<?xml version="1.0" encoding="UTF-8"?>
<!--
26-APR-2011 1.0.1 Conformity element:
                    Restricted allowed citations to "INSPIRE interoperability of spatial data sets and services", according to the MD regulation,
                    requirements for the conformity element (page 17 of the MD regulation).
                  Inspire Themes:
                    Removed leading blank for German, Bulgarian, Czech and Danish translations
-->
<SpatialDataService xmlns="http://inspire.ec.europa.eu/schemas/common/1.0" xmlns:xsi="http://www.w3.org/2001/XMLSchema-instance" xsi:schemaLocation="http://inspire.ec.europa.eu/schemas/common/1.0 http://inspire.ec.europa.eu/schemas/common/1.0/common.xsd">
<!--31-JAN-2011 INSPIRE schema updated to 0.19 (Removed language dependent schema implementations)-->
	<ResourceTitle>Europe Mapping Service based on the Image2000 European mosaic (multispectral)</ResourceTitle>
	<ResourceAbstract>Map Service of a European Mosaic. The mosaic is a harmonised dataset and is based on the individual orthorectified scenes from the Image 2000 project. This service covers the Landsat 7 multispectral bands 3, 2 and 1.</ResourceAbstract>
	<ResourceType>service</ResourceType>
	<ResourceLocator>
		<URL>http://edgar.jrc.ec.europa.eu/index.php</URL>
		<MediaType>text/html</MediaType>
	</ResourceLocator>
	<MandatoryKeyword>
		<KeywordValue>humanGeographicViewer</KeywordValue>
	</MandatoryKeyword>
	<Keyword>
		<KeywordValue>satellite imagery</KeywordValue>
	</Keyword>
	<TemporalReference>
		<TemporalExtent>
			<IntervalOfDates>
				<StartingDate>2010-11-11T00:00:00</StartingDate>
				<EndDate>2010-11-19T00:00:00</EndDate>
			</IntervalOfDates>
		</TemporalExtent>
	</TemporalReference>
	<TemporalReference>
		<TemporalExtent>
			<IndividualDate>2010-11-19T00:00:00</IndividualDate>
		</TemporalExtent>
	</TemporalReference>
	<TemporalReference>
		<TemporalExtent>
			<IntervalOfDates>
				<StartingDate>2011-11-11T00:00:00</StartingDate>
				<EndDate>2011-11-19T00:00:00</EndDate>
			</IntervalOfDates>
		</TemporalExtent>
	</TemporalReference>
	<TemporalReference>
		<DateOfCreation>2005-12-12</DateOfCreation>
	</TemporalReference>
	<SpatialResolution abstract="Map Service of a European Mosaic. The mosaic is a harmonised dataset and is based on the individual orthorectified scenes from the Image 2000 project. This service covers the Landsat 7 multispectral bands 3, 2 and 1.">
		<EquivalentScale>1</EquivalentScale>
	</SpatialResolution>
	<Conformity>
				<Specification xsi:type="citationInspireInteroperabilityRegulation_eng">
					<Title>COMMISSION REGULATION (EU) No 1089/2010 of 23 November 2010 implementing Directive 2007/2/EC of the European Parliament and of the Council as regards interoperability of spatial data sets and services</Title>
					<DateOfPublication>2010-12-08</DateOfPublication>
					<URI>OJ:L:2010:323:0011:0102:EN:PDF</URI>
					<ResourceLocator>
						<URL>http://eur-lex.europa.eu/LexUriServ/LexUriServ.do?uri=OJ:L:2010:323:0011:0102:EN:PDF</URL>
						<MediaType>application/pdf</MediaType>
					</ResourceLocator>
				</Specification>
		<Degree>notConformant</Degree>
	</Conformity>
	<ConditionsForAccessAndUse>no conditions apply</ConditionsForAccessAndUse>
	<ConditionsForAccessAndUse>no conditions apply</ConditionsForAccessAndUse>
	<LimitationsOnPublicAccess>no limitations</LimitationsOnPublicAccess>
	<ResponsibleOrganisation>
		<ResponsibleParty>
			<OrganisationName>(R Service)Spatial Data Infrastructure Unit, Institute for Environment &amp; Sustainability, Joint Research Centre, European Commission</OrganisationName>
			<EmailAddress>(r)image2000@jrc.ec.europa.eu</EmailAddress>
		</ResponsibleParty>
		<ResponsiblePartyRole>resourceProvider</ResponsiblePartyRole>
	</ResponsibleOrganisation>
	<ResponsibleOrganisation>
		<ResponsibleParty>
			<OrganisationName>(R Service)Spatial Data Infrastructure Unit, Institute for Environment &amp; Sustainability, Joint Research Centre, European Commission</OrganisationName>
			<EmailAddress>(r)image2000@jrc.ec.europa.eu</EmailAddress>
		</ResponsibleParty>
		<ResponsiblePartyRole>publisher</ResponsiblePartyRole>
	</ResponsibleOrganisation>
	<MetadataPointOfContact>
		<OrganisationName>MC Spatial Data Infrastructure Unit, Institute for Environment &amp; Sustainability, Joint Research Centre, European Commission</OrganisationName>
		<EmailAddress>(MC)image2000@jrc.ec.europa.eu</EmailAddress>
	</MetadataPointOfContact>
	<MetadataDate>2010-06-15</MetadataDate>
	<MetadataLanguage>eng</MetadataLanguage>
	<CoupledResource>
		<Code>sfdsdf</Code>
		<Namespace>adsasd</Namespace>
	</CoupledResource>
	<SpatialDataServiceType>view</SpatialDataServiceType>
</SpatialDataService>
